,tweet,date
0,Week 2 @presidentmal #jamaladams #nfl #seattle #seattleseahawks #12thman #camnewton #newenglandpatriots‚Ä¶ https://t.co/fn6ZimlZcl,2020-09-21 23:39:33
1,@ahardy316 @Fingrz692 @JerseyKidPicks @EnterPrizePod @XAVIERJOEYJOE @ahardy316 BIG UNK Alot of new faces #NFL but t‚Ä¶ https://t.co/wZkk530eEs,2020-09-21 23:33:26
2,"Just remember, everyone on ESPN &amp; FS1 who were praising #CamNewton this morning, are the same people who were defen‚Ä¶ https://t.co/Ba14jYbLqo",2020-09-21 22:50:48
3,"When you see your work bestie during your lunch break.
#mademondays #workdays #camnewton #gregolsen #pro10tial https://t.co/JQ77RUtXIq",2020-09-21 22:28:53
4,"Excited to share the latest addition to my #etsy shop: Cam NewTom, Patriots, Cam Newton flying Elvis, new England p‚Ä¶ https://t.co/fZcs2pWnYW",2020-09-21 22:05:00
5,"Excited to share the latest addition to my #etsy shop: Patriots, Cam Newton flying Elvis, new England patriots, tom‚Ä¶ https://t.co/DlRFvssWM6",2020-09-21 22:03:08
6,How the turntables...media loves Cam now. #CamNewton https://t.co/P0Do35TN3t,2020-09-21 21:38:29
7,#sports #blog #sportsblog #nba #nfl #mlb #nhl #basketball #football #baseball #hockey #boston #bostonsports‚Ä¶ https://t.co/mqHfx271Y9,2020-09-21 21:35:15
8,Proof Bill Belichick lost the game on bad clock management.  Cost patriots fans And Sports Bettors a win.‚Ä¶ https://t.co/PhFTLPWAWU,2020-09-21 21:33:39
9,"Should the @Patriots extend @CameronNewton now before price potentially goes up?

Watch @OMFonWEEI every weekday ‚ñ∂Ô∏è‚Ä¶ https://t.co/LlsMFVsoj8",2020-09-21 21:27:19
10,#Tone1 #QuickSportsChat #Patriots #Seahawks #CamNewton https://t.co/13br5JWCWP,2020-09-21 21:21:06
11,Cam on that final goal line play last night #nfl #Patriots #CamNewton https://t.co/wsja6AQuwx,2020-09-21 21:13:08
12,Could #CamNewton break the record for QB rushing touchdowns in a season? @WillBrinson joined @AGoldFan to talk abou‚Ä¶ https://t.co/amAAPAgLJn,2020-09-21 21:08:33
13,First one of the season for me. It was great to be back talkin ball with my guy @CSimmsQB! We went all in on two of‚Ä¶ https://t.co/6p4wIn9EQQ,2020-09-21 20:47:02
14,#sports #blog #sportsblog #nba #nfl #mlb #nhl #basketball #football #baseball #hockey #boston #bostonsports‚Ä¶ https://t.co/O3RDLubYBd,2020-09-21 20:41:25
15,I absolutely LOVE this freaking guy. He‚Äôs so magnetic that I‚Äôm feeling drawn to him as a leader from my couch. Than‚Ä¶ https://t.co/dp9G0hgeXG,2020-09-21 20:38:24
16,"Even though the Patriots fell short in yesterday's game, Cam flashed his old MVP abilities. Can he maintain that fo‚Ä¶ https://t.co/iyzBf9j1j2",2020-09-21 20:17:56
17,"#CamNewton post game interview after the #Patriots vs. #Seahawks thriller 
-
#SundayNightFootball
#NFL‚Ä¶ https://t.co/q3FLuOvOlp",2020-09-21 20:17:14
18,@WaddleandSilvy @chrisbleck @AdamAAbdalla @TWaddle87 Preach Silvy!! Let them know!!! #silvyatrong #CamNewton,2020-09-21 20:17:05
19,Ryan Pace is racist right? He gotta be @ChicagoBears #CamNewton,2020-09-21 20:16:34
20,Sports Shorts Daily | 9-21-20 https://t.co/jmk73PLaOQ @tommykrysan discussing #CoachO #60Minutes #LSU opening week‚Ä¶ https://t.co/i8mmoVW0db,2020-09-21 19:46:11
21,"Per @TheFFBallers
Of the 464 @Patriots offensive yards @CameronNewton either passed or rushed for 444 of those yard‚Ä¶ https://t.co/2jKuUj1GBS",2020-09-21 19:30:45
22,Do you know how cold you have to be for them to let you wear number 1 as Qb? #CamNewton,2020-09-21 19:27:39
23,"@barstoolsports @Starting9 üèÖ‚Äú#Start #where you are. Use what you have. Do what you #can.‚ÄùüèÖ
üí¨ #next #Fixed 100%‚Ä¶ https://t.co/1C0p5XWfyQ",2020-09-21 19:27:05
24,"@unibet üèÖ‚Äú#Start #where you are. Use what you have. Do what you #can.‚ÄùüèÖ
üí¨ #next #Fixed 100% #Match are #confirmed‚Ä¶ https://t.co/3joShl6jQ4",2020-09-21 19:26:28
25,#sports #blog #sportsblog #nba #nfl #mlb #nhl #basketball #football #baseball #hockey #boston #bostonsports‚Ä¶ https://t.co/yAoKxLvetn,2020-09-21 19:19:12
26,"#afternoonjazz, #bobbihumphrey, #brothersjohnson, #camnewton, #djspinna, #donaldbyrd, #jackmcduff, #jazz, #jazzhop,‚Ä¶ https://t.co/V3DGJA6iZ3",2020-09-21 19:17:46
27,"I love exercise is üòç
.
.
#Zendaya #Kendall  #ElonMusk #MeekMiLL #MarkHamill #TaylorSwift #LadyGaga #KatyPerry‚Ä¶ https://t.co/8Mcf6ImWkw",2020-09-21 19:16:19
28,"me empolguei depois do jogo de ontem e resolvi homenagear o homi. #CamNewton #Patriots #GoPats 

@patriotsbrasil‚Ä¶ https://t.co/u25DwXKfpP",2020-09-21 19:15:58
29,Really impressed by Cam Newton yesterday. Hate the patriots but will be rooting for Cam all season. #camnewton,2020-09-21 19:12:09
30,So here is my first @Patriots  recap article. Would appreciate if ya'll took a look and gave me your thoughts. I'm‚Ä¶ https://t.co/zXr3nWqZur,2020-09-21 19:00:08
31,@Patriots I don't know if this is a silly question but is #CamNewton not allowed to run around the defence? Is thei‚Ä¶ https://t.co/05DiZHv6up,2020-09-21 18:50:56
32,@KingRooz @CourtesyFlush5 @richeisen @Jerrymcd When people like @kingrooz complain about an athlete like #CamNewton‚Ä¶ https://t.co/N9ANYgh6cJ,2020-09-21 18:45:01
33,I want cam newton to retire as a patriot #CamNewton #NFL #GoPats #SundayNightFootball #,2020-09-21 18:40:13
34,"Stuff You Missed 
 #RuthBaderGinsburg #TheEmmys #Patriots #CamNewton #ZitoandSuzanne #JamesWhite https://t.co/T4OKUxWI6C",2020-09-21 18:36:24
35,@geoffschwartz Cam go to the outside and you score!!!  #haveoptions #shouldhavescored #CamNewton,2020-09-21 18:27:51
36,Not my face when I read people talking about #CamNewton all offseason. Then watch the games begin https://t.co/W5CGYHOSIp,2020-09-21 18:04:49
37,"@Patriots @AlbertBreer @barstoolsports 
#patriots need to sign @delaniewalker82 ASAP &amp; bring in @RishardMatthews 4‚Ä¶ https://t.co/JTr0M6sJdE",2020-09-21 18:04:41
38,@dpology2000 @jbcox3 @JoshHutton24 @stephenasmith @Patriots Dickhead A Smith be trying to call this last play call‚Ä¶ https://t.co/kiB2bGnIiM,2020-09-21 18:03:46
39,2 ‚Äúsportz jerks‚Äù #PodcastRecommendations in one day??? This one from ‚Å¶@mancookgood‚Å© about why #CamNewton is the per‚Ä¶ https://t.co/BjTCYeiaLv,2020-09-21 17:43:07
40,***Breaking News *** Christian McCaffery Will Miss 4-6 Weeks With An Ank... https://t.co/1P1b1TuMLc #Panthers‚Ä¶ https://t.co/LDGC9iq4bf,2020-09-21 17:41:31
41,"@MikeReiss If #CamNewton stays healthy, the offense will not only be more exciting to watch than last season's team‚Ä¶ https://t.co/yd69yOmVT3",2020-09-21 17:27:50
42,"I know it‚Äôs only been two weeks but Cam Newton is playing at an MVP level.

https://t.co/kvmces9DC8 #CamNewton #NFL‚Ä¶ https://t.co/cLZnnPItfC",2020-09-21 17:24:31
43,Still a little salty over that last play call in the #patriots game. I was so sure we were going to complete the co‚Ä¶ https://t.co/X9CZxeOa7g,2020-09-21 17:04:07
44,"I'm not in any man's pocket, but #CamNewton is going to get paid next offseason.  Bring the Brinks trunk.",2020-09-21 16:46:21
45,"#ExtendCamNewtonNow. #TradeforaWR #Patriots #CamNewton 

#GoPats",2020-09-21 16:39:54
46,Muy buen partido de #CamNewton para los @Patriots. Ha demostrado que f√≠sicamente est√° recuperado de sus lesiones y‚Ä¶ https://t.co/coBaQFyP2v,2020-09-21 16:38:27
47,Twitter has proven once again that a persons hatred of #CamNewton can make them sound real stupid...‚Ä¶ https://t.co/UOI4PHuqK5,2020-09-21 16:23:19
48,What did we learn from Week 2 of the #NFL season? Here are 5 ColdHardFootballFacts from all the action (and injurie‚Ä¶ https://t.co/ETA05OFYef,2020-09-21 16:17:43
49,"En el #AMOR soy #CamNewton me aviento a lo pendejo :( 
#NFL 
#NFLTwitter https://t.co/24OvXtKXdR",2020-09-21 16:12:56
50,"#TruthBeBlack üñ§üñ§üñ§

#CamNewton 

https://t.co/B3TfnGBm49",2020-09-21 16:10:03
51,Vibrant #ios14homescreen concept. A different #CamNewton outfit for each app icon. https://t.co/PGgoDBaS21,2020-09-21 16:07:49
52,Let‚Äôs goooo big ducking Dave knows the deal we all see it and he put into words for everybody #camnewton and the‚Ä¶ https://t.co/Us4FzdW7ce,2020-09-21 16:05:11
53,ü§£üòÇü§£ I know sum won't understand diz but trust me itz hilarious                                         #CamNewton https://t.co/tGcs1Lzywu,2020-09-21 16:04:35
54,Who made this? ü§£ why are y‚Äôall like this? #CamNewton #CynthiaDoll #Rugrats https://t.co/mOr1aDpunL,2020-09-21 16:02:26
55,#PatriotsNation #lookatthis going into this season nobody predicted that the Patriots would only lose by five point‚Ä¶ https://t.co/zBYtIZt7qR,2020-09-21 15:54:59
56,Don‚Äôt y‚Äôall go giving credit to the Patriots or Belichick for Cam‚Äôs success. He‚Äôs been that dude! I‚Äôm still on my N‚Ä¶ https://t.co/t6gpuS9Ugo,2020-09-21 15:47:47
57,"Spot on correct about the interior penetration.

#CamNewton also could have bounced it outside if he were a little‚Ä¶ https://t.co/ebfapguBux",2020-09-21 15:46:07
58,"Here is today's ""The Stack"" via @SportsBlog: https://t.co/K039qtAZ8R. Week 2 #NFL recap &amp; reaction to all of the gr‚Ä¶ https://t.co/l1rqsb83lB",2020-09-21 15:41:00
59,"""#CamNewton may even work himself into the discussion of best quarterbacks in the league, which would be a feat.""
M‚Ä¶ https://t.co/C17NPLDoH8",2020-09-21 15:40:33
60,#CamNewton is who everyone thought he was.  #GMFB #Newton is a clown,2020-09-21 15:33:36
61,#CamNewton We sure miss you down here in Carolina. It's not the same. Love you Bro and Take Care!,2020-09-21 15:30:24
62,#Patriots remain the greatest waiver wire team in #NFL history #CamNewton,2020-09-21 15:25:48
63,"So far #2020worstyear league changing moves for both sides.

#nuk to Cards 2-0 from #Texans 0-2
Diggs to #Buf 2-0 f‚Ä¶ https://t.co/nxeZr6XtTT",2020-09-21 15:22:32
64,"Need a day off to recover from that crazy @dallascowboys win....what a come back. But, why Lord why, am I all the s‚Ä¶ https://t.co/uPG1BIc6QZ",2020-09-21 15:11:01
65,"¬Ø\_(„ÉÑ)_/¬Ø

#rannfl #rannfls√ºchtig #nfl2020 #seahawkspatriots #seahawks #patriots #superbowl #butler #camnewton‚Ä¶ https://t.co/H4vAMRJtpT",2020-09-21 15:07:16
66,Hw bout that @CameronNewton last nite @wrenchtwister00 this season is so fun to watch #PatriotsNation #CamNewton,2020-09-21 15:06:25
67,"Whoever called QB sneak: ''nobody thinks we are going with QB sneak... I am a genius.''
Cam Newton: ''What's the da‚Ä¶ https://t.co/z85FcP45oe",2020-09-21 15:04:57
68,"@MatthewBerryTMR Because #CamNewton is mostly about #CamNewton.  

He's also very limited as a passer.  One read an‚Ä¶ https://t.co/hVKQW8bP2p",2020-09-21 14:54:38
69,"#Seahawks frenan a #Newton y derrotan a #Patriots 35-30, los #HalconesMarinos detuvieron a #CamNewton en la √∫ltima‚Ä¶ https://t.co/7nNIUyMW3j",2020-09-21 14:54:08
70,"@BSSportsbook üèÖ‚Äú#Start #where you are. Use what you have. Do what you #can.‚ÄùüèÖ
üí¨ #next #Fixed 100% #Match are‚Ä¶ https://t.co/q6zoJIS3Jl",2020-09-21 14:54:00
71,"Aye unless he sucks bad the rest of the year, Cam getting the bag once this season ends!! #CamNewton",2020-09-21 14:44:44
72,#MondayMotivation for the 1st time in my life MY New England Patriot's QB acknowledged my presence ( like he probab‚Ä¶ https://t.co/L1johE1V1X,2020-09-21 14:40:31
73,"#NFL #DakPrescott,@dak currently in his 5th season, recorded his 16th career game with both a passing TD &amp; a rushin‚Ä¶ https://t.co/qQnbdQGvIS",2020-09-21 14:37:48
74,Dear god PLEASE bring cam newton back to carolina üòÇüòÇ #CamNewton #carolinapanthers #patriots #nfl #camvp https://t.co/Drq1LuBz5m,2020-09-21 14:37:33
75,I NEVER liked @Patriots but I am feeling like I need to root for @CameronNewton. So like @IssaRae said... I‚Äôm rooti‚Ä¶ https://t.co/59FCSKyF5W,2020-09-21 14:32:30
76,"Despite the Patriots loss on Sunday night, #CamNewton has played amazing.

(30/44) for 397 pass yards
11 carries, 4‚Ä¶ https://t.co/ctZvBLn1BE",2020-09-21 14:31:23
77,"Despite the Patriots loss on Sunday night, #CamNewton has played amazing.

(30/44) for 397 pass yards
11 carries, 4‚Ä¶ https://t.co/4rKOrexvzf",2020-09-21 14:30:56
78,"#NFL 
#CamNewton 

#TruthBeBlack üèàüì£üíØ

https://t.co/XJhHWGlyXK",2020-09-21 14:30:19
79,Cam newton can't play cam newton is washed up cam newton sucks ...lol who said all that shit? #camnewton #NewEnglandPatriots #patriots,2020-09-21 14:30:03
80,"Nada mal por un QB que est√° entre los peores pagados de la @nfl. 
#CamNewton 
Y #Edelman anda demostrando que es √©l‚Ä¶ https://t.co/jGz7xPRy99",2020-09-21 14:25:31
81,"#WandaVision
#CamNewton 
#90DayFiance
#RHOP
#Zendaya
#CamNewton 
#21stofSeptember
#MondayMotivation
#Plumlee‚Ä¶ https://t.co/ksLqTWOZng",2020-09-21 14:23:51
82,Happy to see cam Newton playing ball again. Football is back and I love it. Hooyah Cam. You got some big ass teeth‚Ä¶ https://t.co/4ZRqmRIf8d,2020-09-21 14:23:11
83,"Impressed, again, by #CamNewton. Not at all impressed by @Patriots defense that allowed FIVE passing TDs by‚Ä¶ https://t.co/aAPMfRtgs5",2020-09-21 14:18:26
84,"‚ÄúMoving forward, we have a lot of things to be optimistic about, but yet we still have to get better.‚Äù -‚Ä¶ https://t.co/NEvfFJl7L6",2020-09-21 14:18:20
85,After that performance last night in Seattle old Julian Edelman is definitely gonna be  getting a random drug test.‚Ä¶ https://t.co/m4RwEuhJMX,2020-09-21 14:16:50
86,The Colts could have had #CamNewton and they chose #philliprivers... After the first two weeks of the season... let that sink in.,2020-09-21 14:12:12
87,Cam Newton vs any other Qb last night. Just let that sink in #Patriots #CamNewton,2020-09-21 14:07:23
88,#CamNewton still got it! https://t.co/MKU4hEp9Ud,2020-09-21 14:03:40
89,.@CameronNewton running through a teams D line is like watching Dal√≠ paint. He‚Äôs a master of his craft! #Patriots #CamNewton,2020-09-21 13:54:54
90,"@quiquegaray Pues con #TomBrady hubiera anotado en esa √∫ltima jugada.
#CamNewton es bueno pero jam√°s sobresali√≥ y n‚Ä¶ https://t.co/X94tM8MWco",2020-09-21 13:46:56
91,What do people have to say about @CameronNewton now.... Threw for almost 400 yards against this @Seahawks defense..‚Ä¶ https://t.co/uPuk2t1FKM,2020-09-21 13:39:35
92,"Check out my latest video ""How The Seattle Seahawks Defeated The New England Patriots""
#patriots #seahawks #12thman‚Ä¶ https://t.co/kdR11QXG3q",2020-09-21 13:34:43
93,"@richeisen .@CameronNewton was meant to be coached by Belichick. 

#CamNewton",2020-09-21 13:29:51
94,Just from the one game the patriots need to extend Cam newtons contract already #Patriots #NewEngland #CamNewton,2020-09-21 13:29:40
95,"@CameronNewton You, and the whole team played your butts off. That's all us fans can ask for. Games like last night‚Ä¶ https://t.co/fWQAQKa5XO",2020-09-21 13:24:59
96,Fuck yeah they do!!! #CamNewton Daaaaaaamn Cam! https://t.co/vUv6cuzFqr,2020-09-21 13:14:44
97,"NFL Week 2 injury tracker: Saquon Barkley, Nick Bosa leave game as Giants
#NFLFreeAgency
#NFLRookies‚Ä¶ https://t.co/T5nWoSzAsQ",2020-09-21 13:12:58
98,"Today‚Äôs Show @GerryCallahan

1Ô∏è‚É£ @RealUncleTB 
2Ô∏è‚É£ #NFL #Patriots #CamNewton 
3Ô∏è‚É£ #RBG 

&amp; much more!

üëâ Subscribe‚Ä¶ https://t.co/za9ptkzA5Q",2020-09-21 13:08:18
99,Team #CamNewton https://t.co/rD9bqL84CO,2020-09-21 13:07:20
100,"üò± Ese Cam es de verdad...

¬øTodav√≠a extra√±amos a Tom Brady, amigos Pats? üëÄü§îüèà

#Meme #TomBrady #Patriots #CamNewton https://t.co/Oqdi9wgJlw",2020-09-21 13:03:00
101,#Another Monday #camnewton #mondaymotivation #mondaythoughts #emmys #BROWNS #dubstep #trance #Hiphop #listen‚Ä¶ https://t.co/XfrrCFGW7q,2020-09-21 13:02:45
102,#CamNewton,2020-09-21 12:55:53
103,Cam Newton is on pace for 32 rushing TDS this season #CamNewton,2020-09-21 12:23:37
104,"What we learned from Sunday's Week 2 games 
#NFLFreeAgency
#NFLRookies
#NFLPowerRankings
#NFLTrades 
#Week2‚Ä¶ https://t.co/NycXrFKIYa",2020-09-21 12:16:11
105,@gmfb @KyleBrandt is hilarious ü§£ he just said @Seahawks flipped #CamNewton and jumped him üò©ü§¶üèæ‚Äç‚ôÇÔ∏èü§£üòÇ,2020-09-21 12:14:54
106,Who said Cam was washed up? How many teams passed on him? He's baaaaaack. Unreal performance. #CamNewton https://t.co/CxNFkxsn5X,2020-09-21 12:10:42
107,#CamNewton you see what Murray did here? He shot to the outside...&amp; scored from 10 yrds away...imagine if you did t‚Ä¶ https://t.co/Awt4tqRncN,2020-09-21 12:06:28
108,"Things I learned in the NFL week 2:

1. This may finally be the Russell Wilson #MVP year. 
2. Matt Ryan can still s‚Ä¶ https://t.co/GJEw2OedGY",2020-09-21 12:03:42
109,To all the people who were #CamNewton haters and wanted him gone I hope you are enjoying the new tune the #Panthers‚Ä¶ https://t.co/lKhbDlNqxD,2020-09-21 12:02:48
110,Despite the loss #CamNewton looked great last night . I‚Äôm pulling for ya big dawg,2020-09-21 12:01:51
111,"Patriots fans, as a Panthers fan i‚Äôm curious.... what were your opinions of Cam Newton before and what are they now‚Ä¶ https://t.co/PcDPtSGwQN",2020-09-21 11:35:22
112,@RossTuckerNFL All #BlackMen deal with this issue on the job everyday.  The QB position in the #NFL  with what happ‚Ä¶ https://t.co/XGkAKdWaRl,2020-09-21 11:23:45
113,Nearly everyone was wrong about @CameronNewton. Last night I saw a humble leader. A man on a mission that made 55 d‚Ä¶ https://t.co/BdcrIGkW7f,2020-09-21 11:10:02
114,#sports #blog #sportsblog #nba #nfl #mlb #nhl #basketball #football #baseball #hockey #boston #bostonsports‚Ä¶ https://t.co/zZ1z6OeWQw,2020-09-21 11:09:53
115,I looked at the @Patriots schedule this year and thought the @Seahawks would dismantle us. 34-10. Should of PA on t‚Ä¶ https://t.co/xNIxXxWJPP,2020-09-21 10:58:57
116,"That‚Äôs my quarterback.
#CamNewton #rideordie #AceBoogie #CAMVP https://t.co/DwW3KngldN",2020-09-21 10:39:45
117,"After two weeks, it's apparent that #CamNewton still has it.  Even though New England lost last night, passing for‚Ä¶ https://t.co/UcVWg7KyNY",2020-09-21 10:29:53
118,"As a dolphins fan, I have to admit I cheered for the patriots today. I want #CamNewton to do wellü§¶üèæ‚Äç‚ôÇÔ∏è",2020-09-21 10:06:29
119,#camnewton WE NOW HAVE TO SEE CAM NEWTON AS SUPERFLY. WHY? ISN'T AMERICA STUNNED ENOUGH? IT'S SAD WE HAVE TO SEE SU‚Ä¶ https://t.co/5Yi9Mrcg3Y,2020-09-21 09:42:14
120,"With all sincere gratitude, I want to exclusively thank you @destinybetpro  for all your assistance, I can remember‚Ä¶ https://t.co/7Winwx4aTB",2020-09-21 09:39:39
121,An @nfl record for @CameronNewton #CamNewton #NFL #NFLSunday #SNFonNBC #Indastreetzsportz https://t.co/bYZMNJmPde,2020-09-21 09:33:04
122,"are you looking awesome Facebook Instagram ad post designer
contact :-https://t.co/RQQYTC7Wxk
check out my new podc‚Ä¶ https://t.co/aGmrhDNHex",2020-09-21 09:29:59
123,"An @nfl record for #camnewton
#patriots @CameronNewton #TheSleazyReport https://t.co/jWaYDUTaeH",2020-09-21 09:29:28
124,"In their second game this season, #TomBrady and the @Buccaneers achieved the first win.

The @Patriots and‚Ä¶ https://t.co/ma0Q3mnmdq",2020-09-21 09:17:44
125,"Hello Everyone,
I am a professional Graphic Designer.
If you need to Graphic Designer contact me

#graphicdesigner‚Ä¶ https://t.co/SM0KRbwyoB",2020-09-21 09:03:09
126,"watch CAM NEWTON Press Conference after the #Patriots 30-35 loss to the #Seahawks 
#CamNewton
-
https://t.co/EqHvS6eUg1",2020-09-21 08:38:28
127,#health #healthyfood #healthylifestyle #healthychoices #HealthyEating #fitnessmotivation #fitspo #fitnessmodelBad‚Ä¶ https://t.co/06HOCU631J,2020-09-21 08:37:39
128,National Clean Hands Week 2020 https://t.co/lgEdNYpvOd #CamNewton,2020-09-21 08:28:50
129,"Hey I bought The Okinawa Flat Belly Tonic and really it worked
Find out more here
üëáüëáüëáüëáüëáüëáüëá
 https://t.co/MSOVnKLZRX‚Ä¶ https://t.co/JnwFH8Q12X",2020-09-21 07:56:54
130,#patriots #CamNewton @Patriots,2020-09-21 07:55:49
131,Qui√©n escribe los tuits de #PatsNation y #CamNewton? Ni√±os de 15 a√±os?,2020-09-21 07:17:08
132,w e e k e n d  l e a g u e  #speedrun #teambuilding |  ü¶Ö 50/50 @EAGLES THEME TEAM!  https://t.co/efvRvnuf4z‚Ä¶ https://t.co/AeV5KHkNMp,2020-09-21 07:10:15
133,"Grow your Twitter with real and targeted followers.

#Zendaya #RussellWilson #CamNewton #AnthonyDavis  
#RHOP‚Ä¶ https://t.co/BcJwfItw9k",2020-09-21 07:01:41
134,#CamNewton is a man playing a boys‚Äô game. #seahawksvspatriots,2020-09-21 07:00:45
135,"#NEvsSEA my bad! Almost excluded this gem of a game out! #Seahawks did what they do best, win at home.‚Ä¶ https://t.co/NJVUoiuzN2",2020-09-21 06:43:23
136,The Carolina Panthers are making bad choices everywhere. #CamNewton https://t.co/CrWDssiLRC,2020-09-21 06:19:26
137,#Zendaya #Emmys #AnthonyDavis #CamNewton  #Seahawks https://t.co/n8cyiU2Njy,2020-09-21 06:16:29
138,@NFLonCBS What a great game he played ! Cam is definitely back . I made a video of his workout that he does to stay‚Ä¶ https://t.co/C2n2so0vFO,2020-09-21 06:10:50
139,Watching Cam do well under the patriots makes me happy. He went on a slump cuz of injuries NOT lack of talent or sk‚Ä¶ https://t.co/zDi0tqyBYK,2020-09-21 06:02:09
140,"We didn‚Äôt get the outcome we wanted tonight and that‚Äôs tough, but we did show we‚Äôre a damn good team and after? All‚Ä¶ https://t.co/0c3SbJUji4",2020-09-21 05:53:18
141,"¬°Lo gan√≥ Seattle! üò± Los Seahawks detienen a Cam Newton en la yarda uno, en la √∫ltima jugada, para vencer a los Patr‚Ä¶ https://t.co/017yhK0jXr",2020-09-21 05:42:13
142,"Cam Newton throws for 397 yards, completing 68% of his passes.

Some guy on the internet: ""Well, I could tell by th‚Ä¶ https://t.co/jOzen79nON",2020-09-21 05:26:30
143,Congratulations üéä ü§ù to everyone that participated in the investment programme. Keep earning more consistent profit‚Ä¶ https://t.co/oVnNy3clDL,2020-09-21 05:23:51
144,"De poder a poder los #Seahawks tuvieron en #RussellWilson lo que #GoPats no tuvo en #CamNewton 

De inmediato son f‚Ä¶ https://t.co/7oh7UDvnMd",2020-09-21 05:15:27
145,#camnewton #nfl #emmys #supremecourt #trump #biden #nba #playoffs #whitehouse #globalwarming #climate #aoc #cotton https://t.co/WtFPMLnX7v,2020-09-21 05:14:25
146,Fuxk #TomBrady in Tampa. Can you imagine #CamNewton with the Bucs?! Wow!!,2020-09-21 05:09:55
147,"Sacred Sound Healing System
Free E-book 
Heal your self with Power of Universe

 https://t.co/KNVExXnIaq

#zendaya‚Ä¶ https://t.co/OL0FzjNxeZ",2020-09-21 05:09:28
148,"#CamNewton had 30/44 for 397 pass yards. 11 carries, 47 yards and
3 TDs. Fools claimed he was washed. And the pats‚Ä¶ https://t.co/kxs1G4789y",2020-09-21 05:09:15
149,"Ya entiendo los garabatos que escribe #CamNewton ü§¶üèº‚Äç‚ôÄÔ∏è 

O mi cerebro est√° en muy buenas condiciones o ya estoy ace‚Ä¶ https://t.co/uLwZWOgbb8",2020-09-21 05:00:29
150,"Thanks for your wonderful feedback. We shocked herüôè
Thanks for Investing with us
Contact admin now
#Zendaya‚Ä¶ https://t.co/e6NEjHBQHg",2020-09-21 04:58:14
151,"ƒÜ√¢M ≈É√©Wt√í√± √é≈† √ë√ñT D√ñ√±√â ≈∏√´T

#CamNewton #Patriots #PatsNation #SundayNightFootball",2020-09-21 04:46:01
152,PAY THE MAN HIS MONEY! #CamNewton https://t.co/2a0MVEpupB,2020-09-21 04:42:41
153,How did #CamNewton go so long withOUT a job? ü§î From the QB play I have seen in the last 2 Weeks he is still a top 15 QB in the NFL #Patriots,2020-09-21 04:38:39
154,@NFL @Edelman11 That was a perfect throw! Cam is a good QB! One of the best in the league! #CamNewton #Pats #NEvsSEA,2020-09-21 04:37:06
155,@NFL @CameronNewton @gregolsen88 Good to see Cam and Greg Olsen reunite. #CamNewton #GregOlsen #NEvsSEA,2020-09-21 04:30:20
156,#CamNewton #Patriots #PatsNation https://t.co/PGq0r1Bwmm,2020-09-21 04:28:29
157,"#CamNewton today: 30-44, 397 YDS, 1 TD, 1 INT; 11 carries, 47 YDS, 2 TDS. Sure am glad the @ChicagoBears signed‚Ä¶ https://t.co/CNgKMOdYx1",2020-09-21 04:26:32
158,"@PhilAPerry Edelman, Harry had career best receiving yards. #Patriots have a legit downfield passing attack. Lineba‚Ä¶ https://t.co/6JiuZ4BTbG",2020-09-21 04:24:55
159,Even though the patriots lost Cam Newton looked and played terrific on his feet and accurate while passing the ball‚Ä¶ https://t.co/vAjsvPRKsM,2020-09-21 04:19:15
160,"Superman Cam Newton.  Well we got ourselves a QUARTERBACK don‚Äôt we!  Give this man his respect, he played a hell of‚Ä¶ https://t.co/zJHWtFvcK3",2020-09-21 04:16:57
161,"Sure they lost, but @CamNewton had a career high in passing yards in just his second game with @BillBelichick.

Sup‚Ä¶ https://t.co/01SbmVlU8s",2020-09-21 04:14:58
162,"Sure Cam Newton lost on Sunday Night Football, but he proved he absolutely has a lot left in the tank. I bet‚Ä¶ https://t.co/KIVju7kiS3",2020-09-21 04:14:10
163,"Siendo justos, #CamNewton se jug√≥ un partidazo. Solo que el equipo dependi√≥ de UNA JUGADA, a falta de 2 segundos.‚Ä¶ https://t.co/fVU3f7wEnE",2020-09-21 04:14:00
164,@iam_johnw Damn that mf was in his hands ü§¶üèæ‚Äç‚ôÇÔ∏è #CamNewton,2020-09-21 04:13:10
165,WHAT a football game! What an ending. #CamNewton is back...and the #Patriots are no joke! And yet another MVP perfo‚Ä¶ https://t.co/J5214IaRrR,2020-09-21 04:11:02
166,"The #Seahawks and #Patriots never disappoint‚ùóÔ∏èüòµ 

#SNF #NFL #CamNewton #RussellWilson #LJCollier #LanoHill https://t.co/AAqmHSyITj",2020-09-21 04:10:51
167,Tom Brady seeing Julian Edelman set a career high in receiving yards with another man. #CamNewton https://t.co/j2vPpqVMtz,2020-09-21 04:10:41
168,#camnewton  needs a reliable tight end to throw to in the red zone,2020-09-21 04:09:32
169,"No one:

#CamNewton doing a flip all way from the 5 yard line with the game on the line! Lol Geez!! #really‚Ä¶ https://t.co/IlScJQFwtu",2020-09-21 04:08:36
170,#CamNewton https://t.co/EYjg6oSp2W,2020-09-21 04:08:31
171,"Love Russ, but #CamNewton is my main main man. Great game Cam. Welcome back.!!",2020-09-21 04:08:20
172,#SNFonNBC #NEvsSEA #CamNewton #SuperCam #WDE https://t.co/eIJmThDlx0 https://t.co/DFZehzh8ql,2020-09-21 04:07:04
173,New England Patriots 30-35 Seattle Seahawks - 2020 NFL Season Week 2 Rec... https://t.co/yrtzC3jTF1 via @YouTube‚Ä¶ https://t.co/wr3pVmWRhd,2020-09-21 04:05:38
174,Biggest mistake in franchise history letting him go #CamNewton https://t.co/amZfZezpBo,2020-09-21 04:04:04
175,"I never feel good about losses...but for once I do. #GOPATS #CamNewton 

Hey @RobynMundyWYO @always_az @Bills_Chick‚Ä¶ https://t.co/hzTLIeB8Gx",2020-09-21 04:03:49
176,@JumboHart #joshmcdaniels was one series too late with abandoning the run.  #CamNewton was incredible.  #patriots #NewEnglandPatriots,2020-09-21 04:02:45
177,@CameronNewton @Patriots  My Granny cheered for you till the end! #CamNewton #patriotnation #granny #grandma‚Ä¶ https://t.co/ZN3MOjKp25,2020-09-21 04:02:19
178,"Touch weekend Nuggets lose, Chelsea lose and Patriots lose. Only spark is that ManU lost as well. Gonna eat some cu‚Ä¶ https://t.co/M4LF8zRKu0",2020-09-21 04:02:14
179,"A pesar del resultado, creo que hay potencial #NFL #SNF #Patriots #CamNewton",2020-09-21 04:02:09
180,"Watching @DangeRussWilson play is like watching poetry in motion.

For me personally, he's the best QB in the leagu‚Ä¶ https://t.co/flZ9Vn07nx",2020-09-21 04:00:53
181,@MikeClayNFL Cam newton will bring them to the playoffs maybe even the superbowl #CamNewton,2020-09-21 04:00:09
182,Let's get a deep threat. #patsnation #camnewton https://t.co/uExzvr8wpt,2020-09-21 04:00:04
183,"@EugeniaR_ Creo que con el nivel mostrado hoy de #CamNewton y del equipo se gana la divisi√≥n, aunque deben de ampli‚Ä¶ https://t.co/E8nGx0hsQB",2020-09-21 03:59:06
184,The #Patriots really got #CamNewton for minimum wage smh. #Seahawks #NEvsSEA #GoHawks üíôüíöüèà,2020-09-21 03:57:59
185,"@minakimes I bet the #Pats wish they saved that #CamNewton dive fake then sneak the fullback out for a gimme TD, to‚Ä¶ https://t.co/CQWPccAhZq",2020-09-21 03:57:18
186,@stoolpresidente Newton looked about as desperate to get in the end zone as he did trying to recover the infamous f‚Ä¶ https://t.co/8P37qXvVAn,2020-09-21 03:57:09
187,Think about this ... nobody wanted #CamNewton ... He was just sitting right there for anyone to have. The #Patriots‚Ä¶ https://t.co/dMRWLNEggj,2020-09-21 03:56:30
188,Kinda reminds me of #CamNewton tonight. He almost pulled it off and it just came to a crashing ending.  #SNF‚Ä¶ https://t.co/aPA6YAQtGY,2020-09-21 03:56:27
189,"THIS IS JUST A FUN/INTERESTING POLL LOL so don‚Äôt kill me, I love Tom Brady more than 99.9% of things in the world b‚Ä¶ https://t.co/XtQXnNZ3lQ",2020-09-21 03:55:53
190,Good Game Patriots &amp; #CamNewton. Keep playing #strong! Keep Looking Up #White,2020-09-21 03:55:46
191,"Yeah, I am bawling.... y‚Äôall, this year can‚Äôt get any worse... damn, I‚Äôm broken.... #CamNewton #gregolsen #sad https://t.co/BlLNpos9Dz",2020-09-21 03:55:21
192,"I feel conflicted. I‚Äôm smiling that the #Patriots lost...but I‚Äôm a #CamNewton fan. What to do, what to do...",2020-09-21 03:54:07
193,El d√≠a que @CameronNewton (hoy estrella de @Patriots ) visit√≥ nuestra ciudad! Y en el Gaspar Mass nos dio una cl√≠ni‚Ä¶ https://t.co/KXApzfEFPR,2020-09-21 03:53:12
194,"Lo de #CamNewton fue muy predecible, sin embargo el juego estuvo muy cerrado, lo que me da esperanza. Pueden ser m√°‚Ä¶ https://t.co/mtO31hTwHJ",2020-09-21 03:52:42
195,What a game from @CameronNewton but @Patriots can we please get him some help I mean great o-line but he needs weap‚Ä¶ https://t.co/9Ub32OvbAr,2020-09-21 03:52:11
196,Pretty tough loss but it was a really great game #SNFxESPN #CamNewton is alright in my book,2020-09-21 03:51:50
197,"Hoy el #SNF estuvo incre√≠ble, #CamNewton demostr√≥ que los @Patriots tienen con que competir,  la √∫ltima jugada era‚Ä¶ https://t.co/uSEoCO8HVR",2020-09-21 03:51:30
198,#belichick you want me to believe that was your play call for #camnewton with such great position on the goal line‚Ä¶ https://t.co/ZSri2SvHZL,2020-09-21 03:51:21
199,"Wait a moment!!   A career high for Edelman, with Cam, in a half of a game, after an entire career with Brady?

How‚Ä¶ https://t.co/Tm2Se5VgeE",2020-09-21 03:50:58
200,Wow how did so many teams completely pass on #CamNewton.,2020-09-21 03:49:31
201,"Brady? Who he? 
#CamNewton #NewEnglandPatriots #WhoHe https://t.co/rzDcZrNeVa",2020-09-21 03:49:19
202,close fucking game though patriots still a big threat to these other nfl teams #NewEnglandPatriots #CamNewton üí™üèΩüèà,2020-09-21 03:47:45
203,@MylesASimmons @Panthers Y'all messed up big time. Welp #CamNewton,2020-09-21 03:47:03
204,"@_JasonHuber Yep, and much worse than just 2 hrs ago #CamNewton",2020-09-21 03:46:48
205,@CassieFambro I‚Äôve got huge respect for #CamNewton  üèà insight and his new fashion scheme as seen in week 1 https://t.co/yLtvQNWKU0,2020-09-21 03:46:38
206,I believe in Superman. #CamNewton,2020-09-21 03:46:11
207,Apparently I missed a good game @NFL   looks like I'm still in the winners circle this week #FantasyFootball Thanks‚Ä¶ https://t.co/gt7AXMAb8Y,2020-09-21 03:45:32
208,"Tough loss, but #CamNewton just put the league on notice üî•",2020-09-21 03:45:17
209,Cam looked really good throwing the ball 2nite. He looked sharp! #MNF #SEAvsNE #Seahawks #GoPats #NFL #CamNewton,2020-09-21 03:45:07
210,"Great game by my #Vegan Bro #camnewton he was on fire üî• https://t.co/oc5cyPR8t5

#redemption #NewEnglandPatriots‚Ä¶ https://t.co/dkgeExSkSV",2020-09-21 03:45:04
211,@CameronNewton out here showing everyone why he's got an MVP in his trophy case. Tough loss tonight but the future‚Ä¶ https://t.co/LZnNbuwYr3,2020-09-21 03:44:45
212,My ‚ù§Ô∏è is happy reading all the #patriotnation tweets. Who is ever so hopeful for a season after a loss?? Lol! #QB1 #CamNewton #patriots,2020-09-21 03:44:31
213,"Cam Newton sure looks like the comeback player of the year despite the loss
#patriots #NewEngland‚Ä¶ https://t.co/WtT4C3b7MB",2020-09-21 03:44:12
214,Go @CameronNewton Welcome again to @Patriots Glad to have you as our New quarterback üòÄ üôå @YMcTier #Patriots‚Ä¶ https://t.co/j0pUq6Eli1,2020-09-21 03:44:03
215,@CassieFambro üëÄ #CamNewton is and will be the 2020 #ComeBackPOY in the game of  üèà you don‚Äôt always read the right r‚Ä¶ https://t.co/8zyCjgltsU,2020-09-21 03:43:47
216,This is why you pass at the one yard line when everyone expects a run. #Seahawks #Patriots #RussellWilson #CamNewton,2020-09-21 03:43:44
217,"That game had to make america feel great, right patriots haters? Still think the winning is over? #CamNewton",2020-09-21 03:43:40
218,"#CamNewton üëã Estou te dando R$27 em cr√©dito! Para us√°-lo, baixe o aplicativo Wish com o meu link. https://t.co/HLj5xoD4aI",2020-09-21 03:43:27
219,"such an AMAZING #SundayNightFootball game üò§üíØ
#PATRIOTSvsSEAHAWKS 

- down to the very last 3 seconds
- game on the‚Ä¶ https://t.co/WZgEjFafAK",2020-09-21 03:43:25
220,"Once the Patriots figure out all the things they can do with Cam and what he likes to do... maaan, they are going t‚Ä¶ https://t.co/NvV1OG4pwc",2020-09-21 03:42:35
221,#Patriots #CamNewton #BillBelichick https://t.co/4P6rr7lvpq https://t.co/F3BNmuRX9f,2020-09-21 03:42:05
222,#CamNewton you are fun to watch!,2020-09-21 03:41:52
223,"David Tepper messed up!!!
David Tepper messed up!!!
David Tepper messed up!!!
David Tepper messed up!!!
David Teppe‚Ä¶ https://t.co/n6spkfOGVi",2020-09-21 03:41:28
224,"@Panthers your actions have caused great distress, why did you do this to us....#CamNewton",2020-09-21 03:41:20
225,#CamNewton looks fantastic despite the loss tonight.,2020-09-21 03:41:18
226,"Partidazo de nfl.

Mis pats son de verdad con #CamNewton",2020-09-21 03:40:55
227,Actually feel better after this loss to a tough Seattle team than the win against Miami. Work to do on D and play c‚Ä¶ https://t.co/RpnAFOlfsJ,2020-09-21 03:40:44
228,My Patriots lost a close one. But this just shows what a stud we have as a QB. #CamNewton #camforprez,2020-09-21 03:40:41
229,@CameronNewton is playing some amazing football! I never doubted this guy on the @Patriots. And tonight proved it!‚Ä¶ https://t.co/zwno7RN6Yl,2020-09-21 03:40:33
230,@TreyWallace_ üîΩüîΩüîΩüîΩ‚ñ∂Ô∏è‚ñ∂Ô∏èüîºüîºüîº should of been the play #CamNewton,2020-09-21 03:40:12
231,"Por cierto, #CamNewton fue la oferta de la d√©cada! Los Patriots son demasiado inteligentes. No entiendo como Carolina no lo quer√≠a mas.",2020-09-21 03:39:56
232,"Not even mad the @Patriots lost, Supa @CameronNewton is back back üíô‚ù§Ô∏èü§ç #CamNewton #PatsNation",2020-09-21 03:39:52
233,@CameronNewton makes football exciting! Much ‚ù§Ô∏è Cam! You‚Äôre a beast! My first time cheering AGAINST the @Seahawks b‚Ä¶ https://t.co/qvf56NuUL0,2020-09-21 03:39:28
234,I was hoping he would get the W but you cant argue with the stat line. He battled tonight #CamNewton #SNFonNBC https://t.co/ZmyZdCoaa8,2020-09-21 03:39:12
235,"It really says something, with all respect to Greg Olsen, that this maligned @Patriots WR core is BY FAR the best g‚Ä¶ https://t.co/7fLWiOJvwc",2020-09-21 03:38:58
236,@CameronNewton is ALL THE WAY BACK.  Need to find a new kicker ASAP.  @BumpNrunGilm0re won‚Äôt have another game like‚Ä¶ https://t.co/DHmYkr2fjY,2020-09-21 03:38:34
237,Right now #CamNewton is on pace for 40 touchdowns this season. 8 passing and 32 rushing. Odd stat for a QB.,2020-09-21 03:38:18
238,"What a game so close #Patriots üò´üëè good fight back #Patriots to the end 
#CamNewton he gonna be good player‚Ä¶ https://t.co/UEvBrJr4l0",2020-09-21 03:38:13
239,"Very tired of these announcers saying things like, ‚ÄúIf Cam Newton gets this ball in New England fans will be believ‚Ä¶ https://t.co/SdMR0UPGlX",2020-09-21 03:38:07
240,"I don‚Äôt understand why everyone is mad at that play call, they‚Äôve literally scored on it like twice tonight. It‚Äôs t‚Ä¶ https://t.co/Ip4gJLtNFv",2020-09-21 03:38:05
241,Great Game by #CamNewton but glad We pulled out the W #Seahawks #NEvsSea #12thMan #patriots,2020-09-21 03:38:01
242,"Great game tonight on Sunday Night. If you don't like watching #CamNewton play the game, you are watching the wrong game. #keepsmilingcam",2020-09-21 03:37:08
243,"Seahawks x Patriots na linha de 1 jarda 

#camnewton
#SNF https://t.co/4OzKoW0YTR",2020-09-21 03:37:04
244,"@elbajimenez9 @Eder_82 Perdieron a la #CamNewton, pero esa era la jugada, lo que pasa que #Carrol y #Seahawks lo sa‚Ä¶ https://t.co/PNTulLVSQb",2020-09-21 03:36:30
245,"The last 3 times these teams played:
-every game ended on the 1 yard line 
-every time the defence won it
#Seahawks‚Ä¶ https://t.co/PFpAcSUeJr",2020-09-21 03:36:28
246,Russ and Cam played lights out tonight; somebody better put respect on Cam Newton‚Äôs name. NE‚Äôs defense drop the bal‚Ä¶ https://t.co/uHDpptlHOu,2020-09-21 03:36:26
247,"Cam throws for 397 yards are you are going to call that bullshit? Man, that was unlike the Patriots. Stupid play ca‚Ä¶ https://t.co/kBjjNTNPDW",2020-09-21 03:36:25
248,@Patriots extra√±a a #TomBrady y hoy tmb se vio muy diferente sin #billbelichick en fin #CamNewton tendra que crecer‚Ä¶ https://t.co/9IzJsGy5vF,2020-09-21 03:36:22
249,I don't wanna hear anything about #CamNewton health anymore. He balled out.,2020-09-21 03:36:13
250,That was a great game!  #camnewton #russellwilson,2020-09-21 03:36:09
251,Carolina feeling like a jackass. #CamNewton,2020-09-21 03:36:05
252,Dam @CameronNewton win or lose @Patriots fans are happy for ya win or lose we will get it next game dam!!!‚Ä¶ https://t.co/IkBLABxF78,2020-09-21 03:35:57
253,It feels weird seeing the @Patriots lose so early into the season. #GoPats #SNF #NEvsSEA #NFL #SuperCam #CamNewton #Seahawks #12thMan,2020-09-21 03:35:55
254,"I thought #camnewton was going to have his @Patriots moment.  It‚Äôs going to be good season, I know it and I believe‚Ä¶ https://t.co/zQZRIwoypp",2020-09-21 03:35:54
255,"Haha! #CamNewton shoulda just let someone run the ball or catch the ball! He TRIED to win the game, but lost it! Th‚Ä¶ https://t.co/C1xAXBEeeR",2020-09-21 03:35:46
256,Oya that @Patriots and @Seahawks game was the most exciting for #SNF THANK YOU @DangeRussWilson AND #CamNewton this game was üî•üî•üî•,2020-09-21 03:35:37
257,"Todos sab√≠amos que #CamNewton iba a correr, pero por dios algo de creatividad por favor.
#NFL #PatriotsEspanol #Seahawks",2020-09-21 03:35:28
258,Worse than the call not to hand it off to #MarshawnLynch. #PeteCarroll stacked the box. You‚Äôre gonna run it with‚Ä¶ https://t.co/GujFN1P8rZ,2020-09-21 03:35:21
259,"¬°Qu√© juego, qu√© liga, qu√© deporte! üò±

Los @Seahawks detienen en la √∫ltima jugada a @CameronNewton y se llevan la vi‚Ä¶ https://t.co/ytXzeskDhw",2020-09-21 03:35:19
260,The Husky Dawg God was watching over our #Seahawks and you can hear #CamNewton‚Äôs ego deflate üéàüí®!!,2020-09-21 03:35:18
261,"Well, thank god I kept #CamNewton on the bench. #fail https://t.co/FIb2JaggkX",2020-09-21 03:35:17
262,If Cam Newton throws that ball New England would be 2-0.... We all saw that ran from a mile away including Seattle #camnewton #nfl,2020-09-21 03:35:02
263,"I hate running quarterbacks, too weak to run through a line hence the position running back #Patriots #Seahawks‚Ä¶ https://t.co/A19N2U3qR4",2020-09-21 03:34:55
264,Didn't like the play from the start. Spread the field and go 5 wide!! Don't care the personnel!! This is on #Belichick not #CamNewton,2020-09-21 03:34:48
265,"A loss for the Patriots, but an impressive one for the Patriots. Big things ahead for this team. #Patriots #CamNewton",2020-09-21 03:34:47
266,"Hey #CamNewton ...
Nice playing tonight, but... https://t.co/0n7lW8afDJ",2020-09-21 03:34:46
267,"Despite the loss, Cam played terrific. #Patriots #CamNewton",2020-09-21 03:34:38
268,#CamNewton after losing to the #Seahawks  #NFL https://t.co/DPjVmXhlkC,2020-09-21 03:34:33
269,"Should have zigged instead of zagged. 

Damn good game.

#CamNewton 
#RussellWilson",2020-09-21 03:34:28
270,Only #JoshMcdaniels would call for #Camnewton to lineup 4 yards back from the 1 ü§¶üèΩ‚Äç‚ôÇÔ∏è .. #TomBrady always quick sna‚Ä¶ https://t.co/5mmGoT6V7A,2020-09-21 03:34:23
271,how much are the patriots paying Cam again? #patriots #camnewton,2020-09-21 03:34:21
272,"Ah, superman  #CamNewton ,welcome to the real world.",2020-09-21 03:34:15
273,Wow!!!! Great stop by the #Seahawks defense but #CamNewton is definitely playing at a MVP level with the darts he was throwing thru the game,2020-09-21 03:34:13
274,"Amazing game by Cam Newton and the Pats. Kept up with the Seahawks all the way. I‚Äôll take that.
 #webelieve #camnewton",2020-09-21 03:34:05
275,Shit!!! #CamNewton ü§Ø #NFLSunday,2020-09-21 03:34:00
276,Quite the @SNFonNBC  game -- opposite of the Super Bowl when it was Seattle on the one-yard-line. Not sure how far‚Ä¶ https://t.co/8L0wc1VsQf,2020-09-21 03:33:58
277,"Mannnnnn Cam is gonna be a PROBLEM. Open it up, give him time, and one more weapon.... #camnewton #patriots",2020-09-21 03:33:48
278,#Seahawks #12 35 to 30 2-0 start over #Patriots #CamNewton undercut at the one yard line with time running out‚Ä¶ https://t.co/gD5zHpy04M,2020-09-21 03:33:39
279,@NFL Cam you could do better #camnewton  good luck next year because you honestly aren‚Äôt good for our team #billbelichick,2020-09-21 03:33:37
280,"#NFLWeek2 nah, they suck anticlimatic... lol, just kidding. that was pretty awesome. #CamNewton sure scared the #Seahawks there.",2020-09-21 03:33:31
281,@Patriots you lost the game because #CamNewton was greedy and selfish,2020-09-21 03:33:21
282,Even tho they lost #CamNewton you looked good out there tonight! Good fucking job!!!! I‚Äôm not even mad! U played ha‚Ä¶ https://t.co/XrgjXudrwN,2020-09-21 03:33:16
283,"#CamNewton has 444yards of total offense. Leading rusher and passer...
What a game... Seahawks Patriots #russellwilson",2020-09-21 03:33:13
284,Seattle got real lucky on that last play. Cam should have been the decoy and passed it. #CamNewton #sundaynight‚Ä¶ https://t.co/bvMv23VfUh,2020-09-21 03:33:02
285,"Que idiotez tan grande acaba de hacer #CamNewton #Patriots lo ten√≠an para ganar y prefiri√≥ correr el, que lanzar #Seahawks los vence 35 a 30",2020-09-21 03:32:57
286,What a day in sports! Great ending in Seattle! #seahawksvspatriots #NEvSEA #SNFonNBC #CamNewton #RussellWilson #NFLSunday,2020-09-21 03:32:56
287,"My sincere apologies to the girl who lives above me but god damn what a Sunday nighter! 

Win or lose. I am here fo‚Ä¶ https://t.co/FN3OgBNT5E",2020-09-21 03:32:49
288,"Inexplicable un pase de #Seahawks en 3 y 1yd y 
predecible ir con #CamNewton en la √∫ltima jugada del partido.‚Ä¶ https://t.co/ORX2FaxUF2",2020-09-21 03:32:48
289,Damn #CamNewton look like a completely different Qb since he‚Äôs with a team he can throw the ball üî•üî•,2020-09-21 03:32:45
290,"Cam Newton rolling with a grey number to match the grey skies of Seattle. üèàü¶∏üèæ‚Äç‚ôÇÔ∏èüëî

#OOTD #CamNewton #NEvsSEA #NFL https://t.co/ch0hnqSgAA",2020-09-21 03:32:44
291,Unstoppable all night until the last play. #CamNewton #NewEnglandPatriots #SEAvsNE https://t.co/6QchxVMoF9,2020-09-21 03:32:39
292,That was a hell of a football game. Excited for the #CamNewton era! #Patriots,2020-09-21 03:32:35
293,Josh McDaniels has to know that they know to be expecting #CamNewton to run the ball. Horrible call,2020-09-21 03:32:35
294,#camnewton i still believe in u dog ! Good game #gopats https://t.co/QVFMCTqusu,2020-09-21 03:32:31
295,#CamNewton balled üèàin a loss to #seahawksvspatriots respect üôè,2020-09-21 03:32:31
296,Ya SUCK IT #CamNewton!!! But SERIOUSLY GOOD GAME to ALL YOU WARRIORS ON BOTH TEAMS!! GO #Seahawks,2020-09-21 03:32:24
297,Top 5. #CamNewton #NEvsSEA,2020-09-21 03:32:21
298,Love seeing #CamNewton fail!!  Anybody who nicknames himself Superman is easy to root against... Russ Wilson disapp‚Ä¶ https://t.co/Ez8CJNyp5A,2020-09-21 03:32:21
299,Terrible play call by the Patriots right there. Literally just put cam under center and let him jump over the pile‚Ä¶ https://t.co/XoIgnx92I7,2020-09-21 03:32:18
300,Where did #camnewton think the pylon was? He wasn't even close.,2020-09-21 03:32:16
301,Cam newton played out of his mind tonight! SOO Impressive!!! Sucks to see him lose this one and I hate to see the P‚Ä¶ https://t.co/cyyACUuPur,2020-09-21 03:32:15
302,"Well damn. Patriots so close.
#camnewton #newton #NEvSEA",2020-09-21 03:32:13
303,Go pats! Great game. #Patriots #CamNewton,2020-09-21 03:32:11
304,"#CAMNEWTON MY ASS!!! Jajajajajajajajajajajajajaja pinche jugadita m√°s predecible, mandar a su QB para conseguir un‚Ä¶ https://t.co/IPCwap0Q7G",2020-09-21 03:32:09
305,This is football! #camnewton on of the GOATS,2020-09-21 03:32:00
306,We may have lost today but not by alot. It was a good game and I have faith in Cam Newton going forward. Bring it o‚Ä¶ https://t.co/34AyCSg59i,2020-09-21 03:31:59
307,Don't understand New England trying to run it in on the last play. I think that made it much easier on the Seahawks‚Ä¶ https://t.co/qqzrL4DFAG,2020-09-21 03:31:54
308,Wow. That was weak asf #camnewton,2020-09-21 03:31:52
309,#sports #blog #sportsblog #nba #nfl #mlb #nhl #basketball #football #baseball #hockey #boston #bostonsports‚Ä¶ https://t.co/zYhdTOwcKf,2020-09-21 03:31:52
310,"What a performance by @CameronNewton who almost pulled it off for the @Patriots.
#CamNewton #Patriots",2020-09-21 03:31:38
311,Hell of a game @SNFonNBC Gotta spread it out and let #CamNewton use his arm OR legs.,2020-09-21 03:31:34
312,#CamNewton showed that he can make the #Patriots compete against the best. I'm excited to see this offense as the s‚Ä¶ https://t.co/yb71OlQlPy,2020-09-21 03:31:32
313,"#CamNewton a gutsy player #Week2 
#nfltwitter",2020-09-21 03:31:30
314,Fuck! That one hurt  #CamNewton https://t.co/3bIB3eiJGx,2020-09-21 03:31:29
315,WHAT A GAME !!!! Respect to #CamNewton &amp; #RusselWilson,2020-09-21 03:31:27
316,Patriots lost but Cam New Tom really showing OUT!!! Greater things to come from this new Pats team. #GoPats #CamNewton,2020-09-21 03:31:26
317,#CamNewton is gooood! That is what we learned tonight. #Pats #PatsVSeahawks #SEAvNEP #Patriots #Seahawks,2020-09-21 03:31:20
318,#CamNewton is stopped at the end resulting in the #Seahawks winning 35-30. @Seahawks @Patriots #NEvsSEA #SNF‚Ä¶ https://t.co/HP6yciKzmX,2020-09-21 03:31:10
319,#CamNewton shows he belongs on the #Patriots tonight. LOVE energy he brings! @dcgkanji,2020-09-21 03:31:09
320,What a game #Patriots #Seahawks #CamNewton I‚Äôm not even madüòÇ,2020-09-21 03:30:55
321,#CamNewton fails on the sneak! #Seahawks win this one where it comes down to the very last second against the‚Ä¶ https://t.co/g8aawLH1HP,2020-09-21 03:30:54
322,"Todos los sab√≠amos, iba a correr. #CamNewton",2020-09-21 03:30:29
323,Got a question....how many teams needed #CamNewton? And why did they pass on him? I know the answer but want to hea‚Ä¶ https://t.co/TSgLXwW6VY,2020-09-21 03:30:24
324,"What a game.

Hats of to both #RussellWilson and #CamNewton.

Absolutely incredible.",2020-09-21 03:30:08
325,Watching this last play like. #Seahawks #patriots #camnewton https://t.co/m3OXNkUGkA,2020-09-21 03:30:05
326,Let Cam Cook #SNF #NFL #CamNewton #Seahawks,2020-09-21 03:30:01
327,"Another #CamNewton Start

Another #CamNewton LOSS

1 WIN.....9 LOSSES

LAST 10 STARTS

24 WINS

24 LOSSES

SINCE 2015 Season",2020-09-21 03:29:58
328,#Patriots need to extend #CamNewton right after this game. https://t.co/LE2f8g6woj,2020-09-21 03:29:43
329,This can't be life.  I am rooting for the Pats! Go #camnewton,2020-09-21 03:29:23
330,They gotta just run it in with #CamNewton right?,2020-09-21 03:29:20
331,Im rooting for cam #camnewton #patriotsvsseahawks,2020-09-21 03:29:12
332,We know what is coming next!!! Can Seattle stop it?  #CamNewton,2020-09-21 03:28:39
333,"What were you guys thinking @Panthers? 
#CamNewton",2020-09-21 03:28:32
334,Cam Damn Newton!!! #CamNewton #SEAvsNE,2020-09-21 03:28:20
335,#camnewton is playing amazingly well in this last minute. #NEvSEA,2020-09-21 03:28:17
336,Cam is balling!!!  #camnewton,2020-09-21 03:28:11
337,Come on Cam. #camnewton #patriots #KeepPounding üòâ,2020-09-21 03:28:11
338,"Lo digo desde ahora, faltando 9 segundos: no importa si se pierde... Van en la l√≠nea correcta los @Patriots con #CamNewton",2020-09-21 03:27:41
339,#NFLWeek2 i think crazy #CamNewton is gonna run the endzone himself again???!,2020-09-21 03:27:01
340,"#NFLnaESPN Rapaz que jogo meu Deus, hoje eu morro kkkkk #GoPats #CamNewton #Edelman",2020-09-21 03:26:56
341,"Just a reminder the dude that beat the seahawks is making 1 million a year, or 35X less the guy on the other side.‚Ä¶ https://t.co/6LiY1nG19E",2020-09-21 03:26:35
342,Wow #camnewton looks amazing #patriots,2020-09-21 03:26:18
343,"They're tired Cam!

Do it! Get'm!

#CamNewton",2020-09-21 03:26:16
344,This game is literally Carlton Banks V Will Smith  #CamNewton #RussellWilson #NFL https://t.co/uF22a0If5G,2020-09-21 03:25:39
345,"LET'S GO CAM! 1:42 TO GO! 
#patriots #camnewton",2020-09-21 03:24:51
346,Gooooooo #CamNewton ü§ôüèº,2020-09-21 03:24:49
347,#NFLWeek2 i actually think #CamNewton is going to lead the #Patriots on a super upset against the #Seahawks in 30 seconds....,2020-09-21 03:24:44
348,"Seahawks needs to get pressure on #CamNewton, they'll be happy to get Darrell Taylor in there soon!

#Seahawks‚Ä¶ https://t.co/Sdh71NgqhP",2020-09-21 03:24:02
349,#CamNewton bout to win this game!!! Dammit!!!,2020-09-21 03:23:49
350,"Solo hazlo #CamNewton! üôèüèº
#Patriots #Seahawks #SNF #NFL",2020-09-21 03:23:28
351,"@NFL @Patriots üèÖ‚Äú#Start #where you are. Use what you have. Do what you #can.‚ÄùüèÖ
üí¨ #next #Fixed 100% #Match are‚Ä¶ https://t.co/QL23Tdu2e7",2020-09-21 03:23:27
352,"#NFLWeek2 i'm becoming a #CamNewton believer. even if #patriots lose, this game feels like the #ironbowl and newton‚Ä¶ https://t.co/G8iYyJshoe",2020-09-21 03:23:26
353,"MVP candidates for the #NFL season(no specific order)

1. #PatrickMahomes üéØ
2. #LamarJacksonüïπ 
3. #CamNewton üó£
4.‚Ä¶ https://t.co/S8qEdSU5V4",2020-09-21 03:23:11
354,"Is Cam Newton about to pull a Tom Brady, or a Cam Newton?

#CamNewton",2020-09-21 03:23:07
355,"Bueno, 4to cuarto, 0:49, 2 timeouts, medio campo, 30-35 #Seattle, veamos de que es capaz #CamNewton.",2020-09-21 03:23:00
356,Is it Cam time? #CamNewton #Patriots #Seahawks #NEvsSEA #NFL,2020-09-21 03:22:17
357,Come on @CollinsworthPFF #CamNewton is no @TomBrady #patriotsvsseahawks,2020-09-21 03:21:54
358,Will #CamNewton and the #patriots get the win?,2020-09-21 03:21:25
359,Still trying to get used to seeing #CamNewton in that Patriots uniform üò≥,2020-09-21 03:21:18
360,"@nytimes üèÖ‚Äú#Start #where you are. Use what you have. Do what you #can.‚ÄùüèÖ
üí¨ #next #Fixed 100% #Match are #confirmed‚Ä¶ https://t.co/6vEF35T5KT",2020-09-21 03:21:08
361,Venga #CamNewton !!!,2020-09-21 03:21:03
362,#CamNewton being on the #Patriots for such a short time is already a better passer than he was in #Carolina #NEvsSEA ü§òüèªüí•,2020-09-21 03:20:44
363,"#CamNewton is fantasy money tonight. Take that, League!! But Cam dude, you‚Äôve gotta cut that thing growing out of y‚Ä¶ https://t.co/Xeey78Dexw",2020-09-21 03:20:00
364,#Camnewton is throwing the ball better than he ever has in my opinion #Seahawks #patriots #nfl #seavspats,2020-09-21 03:19:55
365,Seeing #CamNewton out here balling and I gotta deal with the fact that Teddy Bridgewater is my QB now.,2020-09-21 03:18:59
366,It makes me happy to see Cam Newton balling out like this again #CamNewton #SNF,2020-09-21 03:18:36
367,I‚Äôm loving everything about this #SNFonNBC duel between #CamNewton @DangeRussWilson These QBs are putting on a show‚Ä¶ https://t.co/8yblhqWiVv,2020-09-21 03:17:01
368,"So I got Dak and Cam as my QB's in Fantasy Football. I have been starting Dak, should I start starting Cam???‚Ä¶ https://t.co/CsehrjLZRe",2020-09-21 03:16:20
369,"Honestly, win or lose, #CamNewton looks good in the #Patriots offense after two games. Color me surprised. https://t.co/NnemJmGAdL",2020-09-21 03:15:30
370,You're telling me that the CEO of Appaloosa Management  knew Cam was healthy and let this man walk? Appaloosa is a‚Ä¶ https://t.co/NAKIfGEgV5,2020-09-21 03:15:29
371,I remember a lot of people telling me that Cam Newton was washed. He was just hurt. #NFLonNBC #camnewton #patriotsvsseahawks,2020-09-21 03:15:08
372,"#CamNewton (62) has more rushing touchdowns than HOFer #TerrellDavis (60).

He‚Äôs also thrown 183 touchdown passes.

#Patriots #NEvSEA",2020-09-21 03:15:02
373,"#PlayByPlay still #CamNewton makes it look so damn easy #GoPats #nfltwitter 
He's very entertaining",2020-09-21 03:14:54
374,#CamNewton is BACK! Maybe better than ever. The man has stepped right back into the league off that injury and is a top QB! #NFL,2020-09-21 03:14:33
375,#camnewton is the best goal line weapon in the #nfl it‚Äôs not close,2020-09-21 03:13:18
376,"Cam Newton Rushing TDs of 62 surpasses Herschel Walker, OJ Simpson, Deangelo Williams. #CamNewton #Patriots #Auburn https://t.co/yykWfbRZVO",2020-09-21 03:13:14
377,#CamNewton needs to work on sliding better and on time too.,2020-09-21 03:08:24
378,"Pats defense is pretty bad right now! 
@Patriots #patriots #nfl #CamNewton #belichick #Seahawks",2020-09-21 03:08:04
379,Now would be a good time. #patriotsvsseahawks #CamNewton,2020-09-21 03:07:46
380,"@MatthewBerryTMR üèÖ‚Äú#Start #where you are. Use what you have. Do what you #can.‚ÄùüèÖ
üí¨ #next #Fixed 100% #Match are‚Ä¶ https://t.co/yufTnwni3U",2020-09-21 03:07:06
381,#NewEngland needs to worry about defense as much as they do with #CamNewton . So far good game play offensively.  N‚Ä¶ https://t.co/rnExdNKgfW,2020-09-21 03:06:09
382,"@PDChinese üèÖ‚Äú#Start #where you are. Use what you have. Do what you #can.‚ÄùüèÖ
üí¨ #next #Fixed 100% #Match are‚Ä¶ https://t.co/niJmL38kvD",2020-09-21 03:05:12
383,I know professional athletes are supposed to be able to motivate themselves for games but it has to be weird as hel‚Ä¶ https://t.co/4VBQyTsdr3,2020-09-21 03:02:57
384,#CamNewton looking very comfortable in the Patriot offense.,2020-09-21 03:02:17
385,"@CameronNewton They traded you, they traded me!! Let‚Äôs get it!! #Patriots #CamNewton Handle ya business young bruh!‚úäüèø‚úäüèø",2020-09-21 03:01:37
386,Our Merry Cat is riveted by this great #SNF #NFL game between #Seahawks and #Patriots. I‚Äôm not sure which team she‚Ä¶ https://t.co/Ac3WQCeEkR,2020-09-21 02:59:34
387,I am watching @NFL Sunday Night Football Game @Patriots vs @Seahawks on @nbcwashington @nbc @SNFonNBC #NEvsSEA‚Ä¶ https://t.co/TbFcCoLRS2,2020-09-21 02:58:01
388,That damn #CamNewton be playing his ass off! The team play their asses off but that boy #Camü§§ #fanpost #CamNewton fan- now a #Patriotsfan,2020-09-21 02:57:58
389,I am liking #CamNewton as a Patriot https://t.co/K8MH1p8KVm,2020-09-21 02:55:37
390,@CBSSports  as a #Patriots fan I don‚Äôt need to hear about #TB12 anymore.  Loved him when he was a #Patriot but he‚Äôs‚Ä¶ https://t.co/IFiRz4x8ip,2020-09-21 02:55:34
391,Damn did #CamNewton shoot that pass out a gun!,2020-09-21 02:53:27
392,If the New England patriots score a touchdown on this drive it will be a great momentum change. This couldn't have‚Ä¶ https://t.co/Ibqc37Ki7L,2020-09-21 02:50:01
393,#NewEnglandPatriots vs. #SeattleSeahawks | #NFL 2020-21 #Week2 | Predictions #Madden21 #NewEngland #Patriots‚Ä¶ https://t.co/UW6cyxYfPo,2020-09-21 02:47:54
394,That hair tho.... #CamNewton,2020-09-21 02:46:11
395,"With #CamNewton Now At QB...

It's Actually Exciting To Watch The #Patriots!!! üòÅ https://t.co/2qyAmz49RN",2020-09-21 02:46:03
396,Man I love how good #CamNewton looks and what they're doing with him throwing and running!! Hope that he doesn't ge‚Ä¶ https://t.co/KHD4uTiPdI,2020-09-21 02:44:35
397,"Dont ya jus love Sunday night football? I kno I do
  #football #NEvsSEA
#SNFonNBC #DangerRuss
#CamNewton #SundayNightFootball",2020-09-21 02:44:24
398,"Josh McDaniels play calling, is very 10th grade. 

Then again, he has zero weapons. 

#GoPats #pats #Patriots‚Ä¶ https://t.co/NBRofBzVI3",2020-09-21 02:44:02
399,The #Patriots are the only team that could of revived #CamNewton's career #SNF #NFL,2020-09-21 02:43:47
400,Love seeing Cam Newton make big plays with the Patriots but also having nightmares about losing to the Patriots in‚Ä¶ https://t.co/9PRZLonI66,2020-09-21 02:43:31
401,#livetweet Look #CamNewton tRNA come wit it!,2020-09-21 02:43:13
402,Don‚Äôt care what anyone says #CamNewton still a stud.. much respect..,2020-09-21 02:42:27
403,I liked it better the first time I saw it. #CamNewton https://t.co/d3D8JgM6wT https://t.co/Uvj4EniA5S,2020-09-21 02:42:17
404,"Just when you want to put a Fork in #Patriots.   The ""New Guy"" gets them back in the game. #CamNewton",2020-09-21 02:41:16
405,Touchdown !!!! #CamNewton #GoPats let‚Äôs go !!!!! üèà  great throw,2020-09-21 02:40:55
406,How do you stop that play?  #CamNewton,2020-09-21 02:40:49
407,#CamNewton #NEvsSEA #GoPatriots we all new what a healthy cam newton can do. Y'all some clowns for not picking him‚Ä¶ https://t.co/NXd0SW0EVi,2020-09-21 02:40:30
408,They said He couldn‚Äôt Throw...They Said  He was washED!! #CamNewton,2020-09-21 02:40:19
409,"@CameronNewton que te pones en la cara, se te ve la piel s√∫per saludable y bonita üôäüò¨ pasa tip #CamNewton #NFL",2020-09-21 02:39:19
410,Wow! #gopats #CamNewton https://t.co/S9YOJgZqYp,2020-09-21 02:39:13
411,"¬øY qu√© tal este pase de 49 yardas de @CameronNewton? üî•

Se redime despu√©s de la INT lanzada y de qu√© forma. üöÄüèà‚Ä¶ https://t.co/iI8Tt2LHKA",2020-09-21 02:38:54
412,Man even if the Pats don‚Äôt win. Cam is shutting people up. The man ain‚Äôt washed #CamNewton #LetsGoPats,2020-09-21 02:38:14
413,Cam is realizing why Tom loves Edelman so much #nfl #snf #CamNewton,2020-09-21 02:38:13
414,#CamNewton just threw a 50 yard bomb. Remember when the the #Panthers didn‚Äôt trust his health. The man is a #MVP QB.,2020-09-21 02:37:26
415,"Horrible day for me personally (as far as sports go).
Can #CamNewton please beat the Sea- chickens so I can sleep?",2020-09-21 02:37:08
416,"I‚Äôm sorry... I just had to make this ü§£ 

#NFL #NFLMeme #Patriots #CamNewton @CameronDiaz @CameronNewton https://t.co/Cd3Tldbzot",2020-09-21 02:36:50
417,Mann...that was a wow between #camnewton and @Edelman11 #NEvsSEA,2020-09-21 02:35:52
418,#CamNewton  with the dart üî•,2020-09-21 02:35:38
419,#RussellWilson &gt; #CamNewton,2020-09-21 02:35:34
420,Look at that throw #CamNewton,2020-09-21 02:35:30
421,Yeah my dude #RussellWilson is doing his thing against souped up #CamNewton and his hair wtf.....#Seahawks vs #Patriots,2020-09-21 02:34:27
422,The New England patriots just don't have enough weapons to go up and down the field matching touchdowns. This is wh‚Ä¶ https://t.co/k6ZCW6wB6n,2020-09-21 02:33:53
423,So #FYI I've always felt @DangeRussWilson was legit was curious to see him against #CamNewton it ain't over yet though. #SundayNightFootball,2020-09-21 02:33:27
424,"Who wore it better? #CamNewton or #GomezAddams üòè

This was Cam‚Äôs game outfit today @BabesBos https://t.co/DMp9CsKulV",2020-09-21 02:33:13
425,#RussellWilson putting on a show!!  #CamNewton needs to get going  @Patriots,2020-09-21 02:32:40
426,"@DangeRussWilson dando una c√°tedra a #CamNewton 
#SNFxESPN",2020-09-21 02:32:36
427,"Does he have a bowel movement extruding from his head?
#CamNewton #Cam",2020-09-21 02:31:49
428,Cam Newton is no Tom Brady. He‚Äôs good but not great. I could just tell in his mechanics. I‚Äôm rooting for him pero üòÖ‚Ä¶ https://t.co/cnRaH7H3KR,2020-09-21 02:30:04
429,I am actively cheering for the NE Patriots. That‚Äôs something I thought I‚Äôd never hear #cpoy #CamNewton,2020-09-21 02:29:29
430,"Si como QB tus mejores jugadas son acarreando, jugadas rotas y no pasando el ovoide hay un problema, #CamNewton jug‚Ä¶ https://t.co/8meCIYLjmS",2020-09-21 02:29:02
431,"Becker Professional Education Promo Codes, Discount Codes September 2020 https://t.co/3qdZQsA4Ww #CamNewton",2020-09-21 02:29:00
432,The resemblance!! #CamNewton https://t.co/aweTXz1eeZ,2020-09-21 02:28:20
433,Anyone likes this crybaby??? #CamNewton after the interception!!! #GoHawks @SeahawksUnited_ @Seahawks #seahawks12‚Ä¶ https://t.co/GFNL5U8jM3,2020-09-21 02:27:49
434,"There‚Äôs no one easier to dislike in the #NFL than #CamNewton.  

Arrogant. Zero sense of humility. Wants to be the‚Ä¶ https://t.co/BY0tgqFKaq",2020-09-21 02:26:37
435,"Neeee INT #CamNewton 
#SNF",2020-09-21 02:24:39
436,Fkkkkk #gopats¬†¬† vs #seahawks¬†¬† #nevssea #seavsne #patriots #patriotsvsseahawks #seahawksvspatriots #russwilson‚Ä¶ https://t.co/hJjn4CWjMN,2020-09-21 02:23:49
437,#CamNewton #patriotsfootball üèà https://t.co/4aNIQVAVE8,2020-09-21 02:23:48
438,#rugrats #funnygirlfriend #itsme #imthefunnygirlfriend #cynthia #CamNewton #nfl #football #SundayNightFootball https://t.co/73PflgMETB,2020-09-21 02:19:53
439,Tell me cam doesn‚Äôt look exactly like Morgan‚Äôs wife from the first walking dead episode #CamNewton‚Ä¶ https://t.co/PRDncLUoWp,2020-09-21 02:18:03
440,#CamNewton outfits be so distracting that NOBODY even asks what the hell is going with his head. #Seahawks #NEvsSEA #SNF #patriots,2020-09-21 02:17:37
441,I need to see #CamNewton do stuff that make me go WOW!!! Let‚Äôs go @Patriots #NEvsSEA,2020-09-21 02:17:05
442,All I‚Äôm wondering is how cam newton hair is sticking out like that with a helmet on for at least half of the game l‚Ä¶ https://t.co/ZNreg552P3,2020-09-21 02:16:53
443,"are they not paying #CamNewton enough money to afford a hair stylist? srsly, someone help him out https://t.co/VJhwZomS7q",2020-09-21 02:16:24
444,@FanSided @SNFonNBC Someone needs to show this to Gillmore and Metcalf  #Patriots #Seahawks #CamNewton,2020-09-21 02:15:30
445,"I gotta admit, I am liking this Cam Newton and New England Patriots relationship thus far! Seems to be working well‚Ä¶ https://t.co/QiUEbNvIng",2020-09-21 02:09:26
446,Man this Pats hawks game is really really good...#CamNewton is looking different this in the best way....,2020-09-21 02:08:11
447,"Watching the @Patriots 

No Brady
No problem so far.

#NFLSunday #CamNewton #Patriots #Dynasty",2020-09-21 02:07:59
448,I‚Äôm glad #CamNewton is back at it! The @Patriots are a good fit for him. Give him a couple years and he‚Äôll be straight. üíØ,2020-09-21 02:07:44
449,#CamNewton running in the  @Seahawks! Bet you did expect @Patriots to be leading by 3 points! ! #NEvsSEA https://t.co/X3WmY3C5dw,2020-09-21 02:06:55
450,"Cam is letting it go in the 2nd half that arm+precision üî•üî•üî•
#CamNewton #letsgo",2020-09-21 02:06:50
451,#CamNewton üëäüèæüèàüî•,2020-09-21 02:05:30
452,"Differences between #GoHawks and #GoPats are discipline and coaching. Seahawks more talented, but penalties and fai‚Ä¶ https://t.co/KpnsTSZhuI",2020-09-21 02:05:18
453,"For all the Cam Newton naysayers, I would officially like to say, ‚ÄúI TOLD YOU SO!‚Äù  That‚Äôs is all. #camnewton‚Ä¶ https://t.co/zwbvQgc50X",2020-09-21 02:04:35
454,Cam‚Äôs arm looks pretty good on this drive...2 huge 3rd down conversions so far #NEvsSEA #CamNewton,2020-09-21 02:04:20
455,@Realrclark25 Funny! These receivers tht were called trash with Tom Brady look pretty good with #CamNewton,2020-09-21 02:04:17
456,#CamNewton https://t.co/HsXQgopIek,2020-09-21 02:03:57
457,Is it me or does #CamNewton look like #thanos‚Äôs Corvus Glaive? https://t.co/wiswFH1Vtp,2020-09-21 02:02:40
458,I need help with a debate. Would you rather have #CamNewton or #JameisWinston this year on the Pats? Contract is not part of the discussion.,2020-09-21 02:02:05
459,#CamNewton Ballin  @SNFonNBC,2020-09-21 02:01:57
460,#CamNewton is a better running back than quarterback,2020-09-21 01:59:21
461,"Muy buen duelo #NEvsSEA . Puede ser para cualquier lado. #RussellWilson en su acostumbrado sobre nivel. 
La revelac‚Ä¶ https://t.co/DCfypYQcHU",2020-09-21 01:59:09
462,"New England Patriots News - @CameronNewton scores a TD in the 2nd quarter, @Patriots are tied with Seattle 14-14 at‚Ä¶ https://t.co/amdzxoJrfe",2020-09-21 01:55:00
463,"watching #CamNewton &amp; #RussellWilson very conflicting game for me #NEvsSEA #Beta an issue, #Teddy out at sea but ki‚Ä¶ https://t.co/X0A3vxuRhP",2020-09-21 01:55:00
464,@brgridiron @CameronNewton @Patriots #Camdalorian #NFL #CamNewton #LetsGoPats #BabyBelichick #NewEngland https://t.co/ltNXB00NjB,2020-09-21 01:53:36
465,"#Patriots   14
Seattle       14  (half)

#CamNewton  7-11/  85 passing
5-14 rushing, TD

#NEvsSEA #SNF on @WTIC1080",2020-09-21 01:51:47
466,@caotk Let's go #CamNewton !!!,2020-09-21 01:51:14
467,@Patriots i LOVE how @CameronNewton makes touchdowns fun to watch!! I no longer hate my husband for makin his TX wi‚Ä¶ https://t.co/jicsj6rI7G,2020-09-21 01:49:34
468,Watching #lakers and #camNewton same time,2020-09-21 01:45:04
469,#NEvsSEA I am huge #RussellWilson and #Metcalf fan and I love me some #CamNewton I am torn between the two teams tonight.,2020-09-21 01:43:25
470,Mt estranho ver um QB do @patriotsbrasil quebrar tackles e fazer um TD. Agora temos o #SuperCAM. #GoPats #NFL‚Ä¶ https://t.co/Aa1AoHbe9f,2020-09-21 01:41:14
471,#CamNewton #WDE https://t.co/KtufIAUWua,2020-09-21 01:37:52
472,Patriots vs Seahawks I feelin good I like the patriots but the Seahawks not bad #patriots #JamesWhite #CamNewton,2020-09-21 01:37:38
473,Question for @CameronNewton - what‚Äôs your skincare routine? Your skin seems so soft ü•∫ In need of it haha. #CamNewton #PatriotsNation,2020-09-21 01:33:31
474,"Vou ser sincero, odeio os pats, mas pelo papai cam, eu tor√ßo pra essa bosta de time. #gocam #camnewton",2020-09-21 01:30:21
475,"If #CamNewton can play at an elite level with the #NewEnglandPatriots this season, I wouldn‚Äôt be surprised if he ge‚Ä¶ https://t.co/VEO9HuG7x4",2020-09-21 01:27:14
476,Cam looks healthy as duck. I mean fuck. #CamNewton #SNFonNBC #PatsNation,2020-09-21 01:26:32
477,Watching #CamNewton tonight ? #poll #Sunday #NFL,2020-09-21 01:24:56
478,#CamNewton is playing easily with the new playbook and the new teammates. Looks like it really is business as usual‚Ä¶ https://t.co/dLiPKALquW,2020-09-21 01:24:04
479,"#CamNewton been doing great for us,  keep doing ya thang bro ‚úäüèΩ #PatsNation #PatriotGang",2020-09-21 01:24:04
480,Go home #CamNewton,2020-09-21 01:23:38
481,Never 4Get! Over 100k Streams! @CameronNewton #CamNewton #NEvsSEA #Thankyoucam #KeepPounding #SundayNightFootball‚Ä¶ https://t.co/OGJmvVfqcL,2020-09-21 01:23:31
482,First time I've watched the @NFL since the Superbowl in February &amp; it is very surreal seeing it without fans &amp; also‚Ä¶ https://t.co/wkdd02sYYA,2020-09-21 01:23:15
483,#CamNewton throwing rockets,2020-09-21 01:22:02
484,#CamNewton nee athi konchem tagginchaali ammaüòèüòè #NFL #NewEnglandPatriots,2020-09-21 01:19:30
485,Let‚Äôs go @Patriots!!!!! üèà‚ù§Ô∏è #CamNewton,2020-09-21 01:18:58
486,#patriots you looks like different this season. üòù #supercam #CamNewton #GoPats https://t.co/YIIXWGw9CI,2020-09-21 01:16:49
487,#CamNewton makes it look so easy #GoPats #NFLTwitter,2020-09-21 01:15:51
488,"#NFLxESPN
#GoPats 
#CamNewton Bienvenido a la nueva era de los Pats!
Viendo transmisi√≥n desde San Jos√©,  Costa Rica.",2020-09-21 01:14:14
489,"That‚Äôs two big ole blow jobs 
-
Follow fantasyfailsfb for üî• 
-
#falcons #failcons #blowhards #nflsunday‚Ä¶ https://t.co/HnKKr3s2k5",2020-09-21 01:13:21
490,":// Generate ‚Äî&gt; #CardLadder #CompareCards

2011 Topps Chrome #CamNewton Ball Over Shoulder Base PSA 10 (Red) vs 201‚Ä¶ https://t.co/jhgfqXM60w",2020-09-21 01:10:45
491,@barstoolsports @BSSportsbook @Hooters #WakandaForever and the Superman. #CamNewton ü§ü,2020-09-21 01:10:41
492,"Ok, I'm going to say this with a smile on my face! I despise #camnewton Lets #gohawks #12s @Seahawks",2020-09-21 01:07:41
493,@Patriots TOUCHDOWN #CAMNEWTON,2020-09-21 01:05:47
494,It‚Äôs so weird seeing @CameronNewton in New England gear. Shame on you @Panthers for letting that young healthy play‚Ä¶ https://t.co/tuK8Um0ICG,2020-09-21 01:05:19
495,Damn #CamNewton hair is so fucked up,2020-09-21 01:04:43
496,#CamNewton gives the #Patriots something they haven‚Äôt had in 20 years...a QB that can run! https://t.co/Up4o4gTGiD,2020-09-21 01:02:36
497,These #CamNewton led @Patriots are looking pretty sharp! #NEvsSEA #snf,2020-09-21 01:02:33
498,"There should come a point where a woman says to a man, you can‚Äôt come out the house with your head looking like that!‚Äù #CamNewton ü§î",2020-09-21 01:02:31
499,"Two of the greatest ever. And that's not too soon / overhype. I honestly mean it...
@CameronNewton @DangeRussWilson‚Ä¶ https://t.co/8Zxh8KLYin",2020-09-21 01:01:13
500,Know what I hate about #CamNewton? He‚Äôs such an arrogant douche. It‚Äôs OK for Other people to think you‚Äôre cool. But‚Ä¶ https://t.co/7sWyk7U9Wu,2020-09-21 01:00:46
501,Come on Cam üëèüèæüëèüèæüëèüèæ #CamNewton #GoPats #FavPlayer,2020-09-21 01:00:44
502,#CAMNEWTON üí™üèæ,2020-09-21 01:00:26
503,"Que bien lo est√° haciendo #CamNewton Se dice y no pasa nada...
#Seahawks #Patriots #NFL #PatsNation",2020-09-21 01:00:21
504,#CamNewton Goal line package = #CheatCode üèàüí™üèæüíØ https://t.co/UUC9GyQ8ru,2020-09-21 01:00:04
505,It's good to see #Camnewton @CameronNewton &amp; @KembaWalker end up on winning teams in #Boston after carrying those n‚Ä¶ https://t.co/Lh5FNkuSxP,2020-09-21 00:59:56
506,Tantos a√±os me cay√≥ gordo #CamNewton cuando festejaba como #SuperCam y verlo ahora hacerlo con el uniforme de‚Ä¶ https://t.co/LcYYh9IOYY,2020-09-21 00:59:51
507,The #Patriots got #CamNewton so #BillBelichick can relax and start doing commercials ü§£ü§£ @SUBWAY,2020-09-21 00:59:50
508,Cam looks good. Totally different. Calm in pocket. Stepping into throws. 80% power. Nice.üëåüèº #CamNewton #Patriots‚Ä¶ https://t.co/FgD1KgBLA0,2020-09-21 00:59:48
509,TOUCHDOWN #CamNewton AGAIN!! LFG 2.0 #Patriots #NEvsSEA,2020-09-21 00:59:43
510,"@WTIC1080 #Patriots   14
Seattle        7  (early 2nd qtr.)

#CamNewton 1 yd. TD run (3rd season/ 61st career)

#NEvsSEA #SNF on @WTIC1080",2020-09-21 00:58:55
511,Go Cam!!! #NFLSunday #Patriots #camnewton #supercam,2020-09-21 00:58:54
512,CAM!!!!!!!!!!!!!!!!! TOUCHDOWN!!!!!!!!!!!!!! #TD #CamNewton #GoPats,2020-09-21 00:58:36
513,@CameronNewton just did the Waianae Forever salute and I‚Äôm crying! #CamNewton #WakandaForever #RIPChadBoseman,2020-09-21 00:58:30
514,"Go Pats, #camnewton @ Arlington, Massachusetts https://t.co/KnY9PmjHyC",2020-09-21 00:58:22
515,"‚ÄúToughest call in football.‚Äù 
Let‚Äôs never forget that this was a thing ... #CamNewton https://t.co/DRQBf0rNUn",2020-09-21 00:58:17
516,#camnewton and #joshmcdaniels are more responsible for that collision than @qdiggs6 - beyond tired of QBs throwing‚Ä¶ https://t.co/eHRfQJPfRX,2020-09-21 00:58:13
517,"No hay jugador que me caigan tan mal como #CamNewton, me caga ese wey üò° üòí",2020-09-21 00:58:02
518,Esse #CamNewton √© emba√ßado demais. #NFL,2020-09-21 00:57:48
519,Marty hurney and Matt rhule deserve 1 way flights to the gulag for their offseason decision of moving on from #CamNewton,2020-09-21 00:57:38
520,"To quote Swagu @mspears96, ‚ÄúCAM DAMN NEWTON!!!!!!‚Äù #SNF #TDPatriots #CamNewton #Patriots #PatriotsNation #GoPats",2020-09-21 00:57:32
521,@CameronNewton Two superheroes for the price of one. #camnewton #Patriots #NFL,2020-09-21 00:57:00
522,#CamNewton,2020-09-21 00:57:00
523,Why celebrate once when you can celebrate twice. #camnewton is back,2020-09-21 00:56:38
524,TD @CameronNewton #CamNewton #GoPats,2020-09-21 00:56:00
525,That‚Äôs a fkn touchdown #gopats¬† vs #seahawks¬† #nevssea #seavsne #patriots #patriotsvsseahawks #seahawksvspatriots‚Ä¶ https://t.co/fQLfpAqxHY,2020-09-21 00:55:53
526,First time I've watched the @NFL since the Superbowl in February &amp; it is very surreal seeing it without fans &amp; also‚Ä¶ https://t.co/MkC5xbclnP,2020-09-21 00:55:48
527,Seeing #CamNewton under center in a Patriots uniform is...disorienting.    #GoSeahawks,2020-09-21 00:46:58
528,"I have never liked the Patriots, but I have always liked watching Cam Newton! Let's go! #SEAVsNE #CamNewton",2020-09-21 00:42:33
529,This. #camnewton #Patriots https://t.co/3RqbWQrSep,2020-09-21 00:42:29
530,@SNFonNBC Can't wait to see the always entertaining post-game interview with #NewEngland #Patriots starting quarter‚Ä¶ https://t.co/FyPfVo75i3,2020-09-21 00:41:56
531,#CamNewton vs #RussellWilson https://t.co/dZYfDBBG8r,2020-09-21 00:40:53
532,"It's time for some FOOTBALL! House divided üèà
‚Ä¢ ‚Ä¢ ‚Ä¢
#nfl #football #seahawks #patriots #letsgohawks #gopats‚Ä¶ https://t.co/Xw3IBK4fhy",2020-09-21 00:31:16
533,"It‚Äôs much cooler in the shade
-
fantasyfailsfb for üî• 
-
#camnewton #newengland #patriots #seattle #seahawks‚Ä¶ https://t.co/w1n1BkhyrI",2020-09-21 00:26:54
534,ppppppppppppppppick 6 baaaaaaaaaaaaaaaby #gopats vs #seahawks #nevssea #seavsne #patriots #patriotsvsseahawks‚Ä¶ https://t.co/8jXYoZoEty,2020-09-21 00:26:24
535,Go Pats! #gopatriots #camnewton üôèüèºüëèüèº,2020-09-21 00:23:41
536,#sundaynightfootball #SNF #letsgopats #camnewton,2020-09-21 00:17:15
537,Let's go #patriots ! #panthers will regret letting #camnewton go! But come to the dark side hahahah,2020-09-21 00:15:21
538,I still can't believe  nobody  signed  #CamNewton... #Patriots #GoPats #PatsNation,2020-09-21 00:05:47
539,"By ""watching the emmys"", you mean let's watch the Pats and Hawks. #CamNewton @WarDamnStool",2020-09-21 00:05:19
540,I am here for the #SNF game tonight. A chance to see #CamNewton vs #RussellWilson in PRIMETIME. Gonna enjoy‚Ä¶ https://t.co/iWfBckHCln,2020-09-21 00:02:54
541,"another WU TANG #W !!! 

 #patriots #Nfl #camnewton #Boston https://t.co/oU4oTZXZDZ",2020-09-20 23:55:29
542,Are you ready #NEPatriots Do your job #CamNewton #JE11,2020-09-20 23:54:23
543,Back in 2015: #CamNewton led the #NFL in total TDs (45) while #RussellWilson led on the #NFL in passer rating (110.‚Ä¶ https://t.co/loMNIuMcpl,2020-09-20 23:53:54
544,Are those dreads his real hair? #CamNewton #NEvsSEA,2020-09-20 23:52:47
545,"NCAAF Lock Club!!!
8:20 Pats +4.5 ‚≠êÔ∏è‚≠êÔ∏è‚≠êÔ∏è‚≠êÔ∏è
Sign up for the entire football season at https://t.co/fEMmuMXGDC‚Ä¶ https://t.co/J43Oj7oX1W",2020-09-20 23:43:56
546,1 more Hour before it‚Äôs #GoPats  #CamNewton https://t.co/MnizkVzk1n,2020-09-20 23:31:56
547,"#CellBlockLock: #SNF w/ #Belichick &amp; #CamNewton +4 @ the #Seahawks. Don‚Äôt look a gift horse in the mouth, just‚Ä¶ https://t.co/Kpk2EzF45Z",2020-09-20 23:07:38
548,#CamNewton lost one of his headdresses and it appears #JohnHarbaugh found it and is using as a mask. #nfl,2020-09-20 23:03:35
549,@MikeReiss @PATRIOTSdotCOM @DSPics Cam showing up ready to make some üí∞ in Seattle. #GoPats #CamNewton #Camfan,2020-09-20 23:01:22
550,I'm Glad #Dak Prescott didn't show up looking like #CamNewton last week!!ü§£üòÇü§£ Looking like..view other tweet! https://t.co/dQZKVKyOKf,2020-09-20 22:04:41
551,Ready for some football?  The @Patriots game is on @NBC10 !  Join me @NBC10_Patrice @NBC10_FrankCarp @NBC10_Mark at‚Ä¶ https://t.co/1kfxYLV0mF,2020-09-20 21:41:35
552,"Can't blame #camnewton no mo!

https://t.co/fH1OMNSF4H",2020-09-20 21:22:40
553,@_JasonHuber @wfnz I never heard #camnewton complain about protection.,2020-09-20 20:51:48
554,@Mule_Rock @ccccsc I gotta sign off for a couple hours to get this house in order catch up with you a little bit be‚Ä¶ https://t.co/e4ohnv9pz1,2020-09-20 20:40:48
555,#sports #blog #sportsblog #nba #nfl #mlb #nhl #basketball #football #baseball #hockey #boston #bostonsports‚Ä¶ https://t.co/OL2s2fgkYO,2020-09-20 20:36:03
556,@Panthers where's #CamNewton? Oh...with New England! #4everCam,2020-09-20 20:18:38
557,Can we have #CamNewton back already. Teddy is a game manager we need a game changer @Panthers,2020-09-20 20:14:34
558,Oh yeah!  #NewEnglandPatriots #CamNewton https://t.co/ehxFB0WmG1,2020-09-20 20:04:42
559,"Late Info Sunday Night NFL LOCKS on Patriots @ Seahawks Spread, Total and 1st Half Parlay! https://t.co/WgvfJYlqwG‚Ä¶ https://t.co/J1vFX8hLJy",2020-09-20 20:03:56
560,"¬øDe qui√©n se deben cuidar esta noche #RussellWlson y #CamNewton? #SNFxESPN #NFLxESPN #Seahawks¬† #Patriots

+ en ins‚Ä¶ https://t.co/vkiEkYa3L4",2020-09-20 19:53:01
561,"For your #SundayNightFootball enjoyment!!
#Patriots #comedy #football #NFL #CamNewton #gopats #sketchcomedy https://t.co/g9mq7NeHd9",2020-09-20 19:47:10
562,I will always have to laugh at the love for #CamNewton by the Trump loving fans of #PatsNation . https://t.co/ajuhNzHsjS,2020-09-20 19:00:05
563,"#Panthers New Head Coach, new quarterback (that we didn‚Äôt need) #CamNewton is better, and we are getting the same r‚Ä¶ https://t.co/5908ve8NQS",2020-09-20 18:53:51
564,LETS GO PATRIOTS #CamNewton !!! https://t.co/KTiicZmT9a,2020-09-20 18:36:43
565,"ü•≥
-
Follow fantasyfailsfb for more 
-
#cowboys #nod #nflsunday #sportsedits #sctop10 #nfceast #camnewton‚Ä¶ https://t.co/2PJSJ3KVIF",2020-09-20 18:27:42
566,"@ColinCowherd @JoyTaylorTalks
colin is on crack if he thinks #teddybridgewater is better than #CamNewton -‚Ä¶ https://t.co/bOiHIA0eEN",2020-09-20 18:27:06
567,@Shaq_Lawson90 when you act like a clown and try to snatch chains after games you get hurt ü§°ü§°ü§° #clown #camnewton,2020-09-20 18:12:23
568,"#KeepPounding
My mom Wheezy  has already forgotten about #CamNewton and that has absolutely nothing to do with‚Ä¶ https://t.co/B3ryqDveT3",2020-09-20 17:45:33
569,Teddy Bridgewater who? Missing #CamNewton,2020-09-20 17:43:39
570,Have you heard ‚ÄòThe #Weekend | #Soundtrack‚Äô by @clubfmphilly on #SoundCloud? #Annjet #LIONBABE #omniboi #np‚Ä¶ https://t.co/gBOsIg65I2,2020-09-20 17:42:32
571,Are we (#Panthers) ready to admit that letting Cam go was an epic mistake?  #KeepPounding #CamNewton #GoPats https://t.co/JOnqm68Cfe,2020-09-20 17:41:29
572,Nein wir brauchen #CamNewton nicht. #bridgewater ist unsere Nr. 1. Ich kauf mir jetzt ein patriots jersey #rannfl #CARvsTB,2020-09-20 17:39:33
573,Not gonna lie the Panthers deserve this for how they treated Cam and getting rid of him ü§∑‚Äç‚ôÇÔ∏è It‚Äôs start of rebuild‚Ä¶ https://t.co/x27JJz7kdX,2020-09-20 17:39:26
574,"Not usually a ""must watch"" #NFL fan, but am looking forward to the @Seahawks #Patriots game this evening. Want to s‚Ä¶ https://t.co/PE5PazHX2A",2020-09-20 17:39:19
575,#GameDay #GoPats #CamNewton üèàüí™ https://t.co/dAEaAN7iHe,2020-09-20 17:23:14
576,#sports #blog #sportsblog #nba #nfl #mlb #nhl #basketball #football #baseball #hockey #boston #bostonsports‚Ä¶ https://t.co/RqLo4BdYLR,2020-09-20 16:47:50
577,"Injury roundup: Patriots' Julian Edelman, N'Keal Harry expected to play¬† 
#NFLFreeAgency
#NFLRookies‚Ä¶ https://t.co/qiEBjLuBJH",2020-09-20 16:46:41
578,"Russell Wilson may have a $140 million contract and a Super Bowl ring, but Cam Newton already earned the only achie‚Ä¶ https://t.co/TzO5ll6FLn",2020-09-20 16:34:50
579,#NewEnglandPatriots #CamNewton https://t.co/bkT1ILQqqo,2020-09-20 16:19:53
580,Cam Vs. Russ #nfl #football #sundaynightfootball #camnewton #russellwilson https://t.co/j5h66GiUkY,2020-09-20 16:13:35
581,"Today‚Äôs @nfl Schedule! üì∏: @nfl 
.
.
.
.
#nfl #football #week2 #dakprescott #mattryan #saquonbarkley #aarondonald‚Ä¶ https://t.co/7gPexg0ZT5",2020-09-20 15:32:27
582,"(2012) @CameronNewton ran 72 yards and flipped into the end zone for the touchdown.
Explosive. üí•

#camnewton #cam‚Ä¶ https://t.co/XH6jOPmtYR",2020-09-20 15:24:48
583,#CamNewton after the #BillBelicheck interview #Nfl ##GoHawks @Seahawks https://t.co/j8DGgLLXlU,2020-09-20 15:03:46
584,#Patriots #news #CamNewton https://t.co/XnIYbMZep0,2020-09-20 14:57:24
585,These are some really creative and cool run schemes by McDaniels and the Patriots for Cam Newton. When you have Sup‚Ä¶ https://t.co/YLA3v81wUA,2020-09-20 14:18:59
586,@Patriots Happy Game Day!! LET‚ÄôS GO!!!! üèàüò§üëäüèª #CamNewton #BewareTheHoodie #PatriotsNation #DoYourJob #NEvsSEA #GoPats,2020-09-20 14:11:53
587,#sports #blog #sportsblog #nba #nfl #mlb #nhl #basketball #football #baseball #hockey #boston #bostonsports‚Ä¶ https://t.co/HCV5gj4mKP,2020-09-20 14:00:32
588,#sports #blog #sportsblog #nba #nfl #mlb #nhl #basketball #football #baseball #hockey #boston #bostonsports‚Ä¶ https://t.co/ZvBecmECTI,2020-09-20 13:26:45
589,"#happysunday üôåüèæüòÅ
Reposted from @nflonfox Mood when you're 1-0 going into Week 2 üï∫üòé (via @cameron1newton)  -‚Ä¶ https://t.co/CDbYYOEN2g",2020-09-20 13:16:51
590,#sports #blog #sportsblog #nba #nfl #mlb #nhl #basketball #football #baseball #hockey #boston #bostonsports‚Ä¶ https://t.co/WlXG7hvCss,2020-09-20 12:57:49
591,New #ios14homescreen LFG! @Patriots @Edelman11 #CamNewton #edelman #GoPats https://t.co/Zw9qutNSLd,2020-09-20 12:57:17
592,"Guide to every Week 2 NFL game: Picks, matchup nuggets, more 
#NFLFreeAgency
#NFLRookies
#NFLPowerRankings‚Ä¶ https://t.co/RNUDSMo0RL",2020-09-20 11:56:30
593,Que pensaban los #dolphins que sin #tombrady y otras bajas importantes ganar√≠an?..ü§î ahora est√° #camnewton‚Ä¶ https://t.co/96PcGqDW8m,2020-09-20 10:56:12
594,Cam Newton + Bill Belichick= ???? #NFL #Patriots #CamNewton https://t.co/UzISqUGWv1,2020-09-20 03:51:49
595,#sports #blog #sportsblog #nba #nfl #mlb #nhl #basketball #football #baseball #hockey #boston #bostonsports‚Ä¶ https://t.co/vdnOhB4C8q,2020-09-20 03:17:59
596,#sports #blog #sportsblog #nba #nfl #mlb #nhl #basketball #football #baseball #hockey #boston #bostonsports‚Ä¶ https://t.co/t4ny837ime,2020-09-20 02:36:16
597,"Meaning they will beat the Falcons tomorrow 
-
fantasyfailsfb 
-
#cowboys #nflsunday #sportsedits #sctop10 #nfceast‚Ä¶ https://t.co/oWMarOX0o3",2020-09-20 01:49:10
